Source	Revision	Code	Name
mca	202112	110000	北京市
mca	202112	110101	东城区
mca	202112	110102	西城区
mca	202112	110105	朝阳区
mca	202112	110106	丰台区
mca	202112	110107	石景山区
mca	202112	110108	海淀区
mca	202112	110109	门头沟区
mca	202112	110111	房山区
mca	202112	110112	通州区
mca	202112	110113	顺义区
mca	202112	110114	昌平区
mca	202112	110115	大兴区
mca	202112	110116	怀柔区
mca	202112	110117	平谷区
mca	202112	110118	密云区
mca	202112	110119	延庆区
mca	202112	120000	天津市
mca	202112	120101	和平区
mca	202112	120102	河东区
mca	202112	120103	河西区
mca	202112	120104	南开区
mca	202112	120105	河北区
mca	202112	120106	红桥区
mca	202112	120110	东丽区
mca	202112	120111	西青区
mca	202112	120112	津南区
mca	202112	120113	北辰区
mca	202112	120114	武清区
mca	202112	120115	宝坻区
mca	202112	120116	滨海新区
mca	202112	120117	宁河区
mca	202112	120118	静海区
mca	202112	120119	蓟州区
mca	202112	130000	河北省
mca	202112	130100	石家庄市
mca	202112	130102	长安区
mca	202112	130104	桥西区
mca	202112	130105	新华区
mca	202112	130107	井陉矿区
mca	202112	130108	裕华区
mca	202112	130109	藁城区
mca	202112	130110	鹿泉区
mca	202112	130111	栾城区
mca	202112	130121	井陉县
mca	202112	130123	正定县
mca	202112	130125	行唐县
mca	202112	130126	灵寿县
mca	202112	130127	高邑县
mca	202112	130128	深泽县
mca	202112	130129	赞皇县
mca	202112	130130	无极县
mca	202112	130131	平山县
mca	202112	130132	元氏县
mca	202112	130133	赵县
mca	202112	130181	辛集市
mca	202112	130183	晋州市
mca	202112	130184	新乐市
mca	202112	130200	唐山市
mca	202112	130202	路南区
mca	202112	130203	路北区
mca	202112	130204	古冶区
mca	202112	130205	开平区
mca	202112	130207	丰南区
mca	202112	130208	丰润区
mca	202112	130209	曹妃甸区
mca	202112	130224	滦南县
mca	202112	130225	乐亭县
mca	202112	130227	迁西县
mca	202112	130229	玉田县
mca	202112	130281	遵化市
mca	202112	130283	迁安市
mca	202112	130284	滦州市
mca	202112	130300	秦皇岛市
mca	202112	130302	海港区
mca	202112	130303	山海关区
mca	202112	130304	北戴河区
mca	202112	130306	抚宁区
mca	202112	130321	青龙满族自治县
mca	202112	130322	昌黎县
mca	202112	130324	卢龙县
mca	202112	130400	邯郸市
mca	202112	130402	邯山区
mca	202112	130403	丛台区
mca	202112	130404	复兴区
mca	202112	130406	峰峰矿区
mca	202112	130407	肥乡区
mca	202112	130408	永年区
mca	202112	130423	临漳县
mca	202112	130424	成安县
mca	202112	130425	大名县
mca	202112	130426	涉县
mca	202112	130427	磁县
mca	202112	130430	邱县
mca	202112	130431	鸡泽县
mca	202112	130432	广平县
mca	202112	130433	馆陶县
mca	202112	130434	魏县
mca	202112	130435	曲周县
mca	202112	130481	武安市
mca	202112	130500	邢台市
mca	202112	130502	襄都区
mca	202112	130503	信都区
mca	202112	130505	任泽区
mca	202112	130506	南和区
mca	202112	130522	临城县
mca	202112	130523	内丘县
mca	202112	130524	柏乡县
mca	202112	130525	隆尧县
mca	202112	130528	宁晋县
mca	202112	130529	巨鹿县
mca	202112	130530	新河县
mca	202112	130531	广宗县
mca	202112	130532	平乡县
mca	202112	130533	威县
mca	202112	130534	清河县
mca	202112	130535	临西县
mca	202112	130581	南宫市
mca	202112	130582	沙河市
mca	202112	130600	保定市
mca	202112	130602	竞秀区
mca	202112	130606	莲池区
mca	202112	130607	满城区
mca	202112	130608	清苑区
mca	202112	130609	徐水区
mca	202112	130623	涞水县
mca	202112	130624	阜平县
mca	202112	130626	定兴县
mca	202112	130627	唐县
mca	202112	130628	高阳县
mca	202112	130629	容城县
mca	202112	130630	涞源县
mca	202112	130631	望都县
mca	202112	130632	安新县
mca	202112	130633	易县
mca	202112	130634	曲阳县
mca	202112	130635	蠡县
mca	202112	130636	顺平县
mca	202112	130637	博野县
mca	202112	130638	雄县
mca	202112	130681	涿州市
mca	202112	130682	定州市
mca	202112	130683	安国市
mca	202112	130684	高碑店市
mca	202112	130700	张家口市
mca	202112	130702	桥东区
mca	202112	130703	桥西区
mca	202112	130705	宣化区
mca	202112	130706	下花园区
mca	202112	130708	万全区
mca	202112	130709	崇礼区
mca	202112	130722	张北县
mca	202112	130723	康保县
mca	202112	130724	沽源县
mca	202112	130725	尚义县
mca	202112	130726	蔚县
mca	202112	130727	阳原县
mca	202112	130728	怀安县
mca	202112	130730	怀来县
mca	202112	130731	涿鹿县
mca	202112	130732	赤城县
mca	202112	130800	承德市
mca	202112	130802	双桥区
mca	202112	130803	双滦区
mca	202112	130804	鹰手营子矿区
mca	202112	130821	承德县
mca	202112	130822	兴隆县
mca	202112	130824	滦平县
mca	202112	130825	隆化县
mca	202112	130826	丰宁满族自治县
mca	202112	130827	宽城满族自治县
mca	202112	130828	围场满族蒙古族自治县
mca	202112	130881	平泉市
mca	202112	130900	沧州市
mca	202112	130902	新华区
mca	202112	130903	运河区
mca	202112	130921	沧县
mca	202112	130922	青县
mca	202112	130923	东光县
mca	202112	130924	海兴县
mca	202112	130925	盐山县
mca	202112	130926	肃宁县
mca	202112	130927	南皮县
mca	202112	130928	吴桥县
mca	202112	130929	献县
mca	202112	130930	孟村回族自治县
mca	202112	130981	泊头市
mca	202112	130982	任丘市
mca	202112	130983	黄骅市
mca	202112	130984	河间市
mca	202112	131000	廊坊市
mca	202112	131002	安次区
mca	202112	131003	广阳区
mca	202112	131022	固安县
mca	202112	131023	永清县
mca	202112	131024	香河县
mca	202112	131025	大城县
mca	202112	131026	文安县
mca	202112	131028	大厂回族自治县
mca	202112	131081	霸州市
mca	202112	131082	三河市
mca	202112	131100	衡水市
mca	202112	131102	桃城区
mca	202112	131103	冀州区
mca	202112	131121	枣强县
mca	202112	131122	武邑县
mca	202112	131123	武强县
mca	202112	131124	饶阳县
mca	202112	131125	安平县
mca	202112	131126	故城县
mca	202112	131127	景县
mca	202112	131128	阜城县
mca	202112	131182	深州市
mca	202112	140000	山西省
mca	202112	140100	太原市
mca	202112	140105	小店区
mca	202112	140106	迎泽区
mca	202112	140107	杏花岭区
mca	202112	140108	尖草坪区
mca	202112	140109	万柏林区
mca	202112	140110	晋源区
mca	202112	140121	清徐县
mca	202112	140122	阳曲县
mca	202112	140123	娄烦县
mca	202112	140181	古交市
mca	202112	140200	大同市
mca	202112	140212	新荣区
mca	202112	140213	平城区
mca	202112	140214	云冈区
mca	202112	140215	云州区
mca	202112	140221	阳高县
mca	202112	140222	天镇县
mca	202112	140223	广灵县
mca	202112	140224	灵丘县
mca	202112	140225	浑源县
mca	202112	140226	左云县
mca	202112	140300	阳泉市
mca	202112	140302	城区
mca	202112	140303	矿区
mca	202112	140311	郊区
mca	202112	140321	平定县
mca	202112	140322	盂县
mca	202112	140400	长治市
mca	202112	140403	潞州区
mca	202112	140404	上党区
mca	202112	140405	屯留区
mca	202112	140406	潞城区
mca	202112	140423	襄垣县
mca	202112	140425	平顺县
mca	202112	140426	黎城县
mca	202112	140427	壶关县
mca	202112	140428	长子县
mca	202112	140429	武乡县
mca	202112	140430	沁县
mca	202112	140431	沁源县
mca	202112	140500	晋城市
mca	202112	140502	城区
mca	202112	140521	沁水县
mca	202112	140522	阳城县
mca	202112	140524	陵川县
mca	202112	140525	泽州县
mca	202112	140581	高平市
mca	202112	140600	朔州市
mca	202112	140602	朔城区
mca	202112	140603	平鲁区
mca	202112	140621	山阴县
mca	202112	140622	应县
mca	202112	140623	右玉县
mca	202112	140681	怀仁市
mca	202112	140700	晋中市
mca	202112	140702	榆次区
mca	202112	140703	太谷区
mca	202112	140721	榆社县
mca	202112	140722	左权县
mca	202112	140723	和顺县
mca	202112	140724	昔阳县
mca	202112	140725	寿阳县
mca	202112	140727	祁县
mca	202112	140728	平遥县
mca	202112	140729	灵石县
mca	202112	140781	介休市
mca	202112	140800	运城市
mca	202112	140802	盐湖区
mca	202112	140821	临猗县
mca	202112	140822	万荣县
mca	202112	140823	闻喜县
mca	202112	140824	稷山县
mca	202112	140825	新绛县
mca	202112	140826	绛县
mca	202112	140827	垣曲县
mca	202112	140828	夏县
mca	202112	140829	平陆县
mca	202112	140830	芮城县
mca	202112	140881	永济市
mca	202112	140882	河津市
mca	202112	140900	忻州市
mca	202112	140902	忻府区
mca	202112	140921	定襄县
mca	202112	140922	五台县
mca	202112	140923	代县
mca	202112	140924	繁峙县
mca	202112	140925	宁武县
mca	202112	140926	静乐县
mca	202112	140927	神池县
mca	202112	140928	五寨县
mca	202112	140929	岢岚县
mca	202112	140930	河曲县
mca	202112	140931	保德县
mca	202112	140932	偏关县
mca	202112	140981	原平市
mca	202112	141000	临汾市
mca	202112	141002	尧都区
mca	202112	141021	曲沃县
mca	202112	141022	翼城县
mca	202112	141023	襄汾县
mca	202112	141024	洪洞县
mca	202112	141025	古县
mca	202112	141026	安泽县
mca	202112	141027	浮山县
mca	202112	141028	吉县
mca	202112	141029	乡宁县
mca	202112	141030	大宁县
mca	202112	141031	隰县
mca	202112	141032	永和县
mca	202112	141033	蒲县
mca	202112	141034	汾西县
mca	202112	141081	侯马市
mca	202112	141082	霍州市
mca	202112	141100	吕梁市
mca	202112	141102	离石区
mca	202112	141121	文水县
mca	202112	141122	交城县
mca	202112	141123	兴县
mca	202112	141124	临县
mca	202112	141125	柳林县
mca	202112	141126	石楼县
mca	202112	141127	岚县
mca	202112	141128	方山县
mca	202112	141129	中阳县
mca	202112	141130	交口县
mca	202112	141181	孝义市
mca	202112	141182	汾阳市
mca	202112	150000	内蒙古自治区
mca	202112	150100	呼和浩特市
mca	202112	150102	新城区
mca	202112	150103	回民区
mca	202112	150104	玉泉区
mca	202112	150105	赛罕区
mca	202112	150121	土默特左旗
mca	202112	150122	托克托县
mca	202112	150123	和林格尔县
mca	202112	150124	清水河县
mca	202112	150125	武川县
mca	202112	150200	包头市
mca	202112	150202	东河区
mca	202112	150203	昆都仑区
mca	202112	150204	青山区
mca	202112	150205	石拐区
mca	202112	150206	白云鄂博矿区
mca	202112	150207	九原区
mca	202112	150221	土默特右旗
mca	202112	150222	固阳县
mca	202112	150223	达尔罕茂明安联合旗
mca	202112	150300	乌海市
mca	202112	150302	海勃湾区
mca	202112	150303	海南区
mca	202112	150304	乌达区
mca	202112	150400	赤峰市
mca	202112	150402	红山区
mca	202112	150403	元宝山区
mca	202112	150404	松山区
mca	202112	150421	阿鲁科尔沁旗
mca	202112	150422	巴林左旗
mca	202112	150423	巴林右旗
mca	202112	150424	林西县
mca	202112	150425	克什克腾旗
mca	202112	150426	翁牛特旗
mca	202112	150428	喀喇沁旗
mca	202112	150429	宁城县
mca	202112	150430	敖汉旗
mca	202112	150500	通辽市
mca	202112	150502	科尔沁区
mca	202112	150521	科尔沁左翼中旗
mca	202112	150522	科尔沁左翼后旗
mca	202112	150523	开鲁县
mca	202112	150524	库伦旗
mca	202112	150525	奈曼旗
mca	202112	150526	扎鲁特旗
mca	202112	150581	霍林郭勒市
mca	202112	150600	鄂尔多斯市
mca	202112	150602	东胜区
mca	202112	150603	康巴什区
mca	202112	150621	达拉特旗
mca	202112	150622	准格尔旗
mca	202112	150623	鄂托克前旗
mca	202112	150624	鄂托克旗
mca	202112	150625	杭锦旗
mca	202112	150626	乌审旗
mca	202112	150627	伊金霍洛旗
mca	202112	150700	呼伦贝尔市
mca	202112	150702	海拉尔区
mca	202112	150703	扎赉诺尔区
mca	202112	150721	阿荣旗
mca	202112	150722	莫力达瓦达斡尔族自治旗
mca	202112	150723	鄂伦春自治旗
mca	202112	150724	鄂温克族自治旗
mca	202112	150725	陈巴尔虎旗
mca	202112	150726	新巴尔虎左旗
mca	202112	150727	新巴尔虎右旗
mca	202112	150781	满洲里市
mca	202112	150782	牙克石市
mca	202112	150783	扎兰屯市
mca	202112	150784	额尔古纳市
mca	202112	150785	根河市
mca	202112	150800	巴彦淖尔市
mca	202112	150802	临河区
mca	202112	150821	五原县
mca	202112	150822	磴口县
mca	202112	150823	乌拉特前旗
mca	202112	150824	乌拉特中旗
mca	202112	150825	乌拉特后旗
mca	202112	150826	杭锦后旗
mca	202112	150900	乌兰察布市
mca	202112	150902	集宁区
mca	202112	150921	卓资县
mca	202112	150922	化德县
mca	202112	150923	商都县
mca	202112	150924	兴和县
mca	202112	150925	凉城县
mca	202112	150926	察哈尔右翼前旗
mca	202112	150927	察哈尔右翼中旗
mca	202112	150928	察哈尔右翼后旗
mca	202112	150929	四子王旗
mca	202112	150981	丰镇市
mca	202112	152200	兴安盟
mca	202112	152201	乌兰浩特市
mca	202112	152202	阿尔山市
mca	202112	152221	科尔沁右翼前旗
mca	202112	152222	科尔沁右翼中旗
mca	202112	152223	扎赉特旗
mca	202112	152224	突泉县
mca	202112	152500	锡林郭勒盟
mca	202112	152501	二连浩特市
mca	202112	152502	锡林浩特市
mca	202112	152522	阿巴嘎旗
mca	202112	152523	苏尼特左旗
mca	202112	152524	苏尼特右旗
mca	202112	152525	东乌珠穆沁旗
mca	202112	152526	西乌珠穆沁旗
mca	202112	152527	太仆寺旗
mca	202112	152528	镶黄旗
mca	202112	152529	正镶白旗
mca	202112	152530	正蓝旗
mca	202112	152531	多伦县
mca	202112	152900	阿拉善盟
mca	202112	152921	阿拉善左旗
mca	202112	152922	阿拉善右旗
mca	202112	152923	额济纳旗
mca	202112	210000	辽宁省
mca	202112	210100	沈阳市
mca	202112	210102	和平区
mca	202112	210103	沈河区
mca	202112	210104	大东区
mca	202112	210105	皇姑区
mca	202112	210106	铁西区
mca	202112	210111	苏家屯区
mca	202112	210112	浑南区
mca	202112	210113	沈北新区
mca	202112	210114	于洪区
mca	202112	210115	辽中区
mca	202112	210123	康平县
mca	202112	210124	法库县
mca	202112	210181	新民市
mca	202112	210200	大连市
mca	202112	210202	中山区
mca	202112	210203	西岗区
mca	202112	210204	沙河口区
mca	202112	210211	甘井子区
mca	202112	210212	旅顺口区
mca	202112	210213	金州区
mca	202112	210214	普兰店区
mca	202112	210224	长海县
mca	202112	210281	瓦房店市
mca	202112	210283	庄河市
mca	202112	210300	鞍山市
mca	202112	210302	铁东区
mca	202112	210303	铁西区
mca	202112	210304	立山区
mca	202112	210311	千山区
mca	202112	210321	台安县
mca	202112	210323	岫岩满族自治县
mca	202112	210381	海城市
mca	202112	210400	抚顺市
mca	202112	210402	新抚区
mca	202112	210403	东洲区
mca	202112	210404	望花区
mca	202112	210411	顺城区
mca	202112	210421	抚顺县
mca	202112	210422	新宾满族自治县
mca	202112	210423	清原满族自治县
mca	202112	210500	本溪市
mca	202112	210502	平山区
mca	202112	210503	溪湖区
mca	202112	210504	明山区
mca	202112	210505	南芬区
mca	202112	210521	本溪满族自治县
mca	202112	210522	桓仁满族自治县
mca	202112	210600	丹东市
mca	202112	210602	元宝区
mca	202112	210603	振兴区
mca	202112	210604	振安区
mca	202112	210624	宽甸满族自治县
mca	202112	210681	东港市
mca	202112	210682	凤城市
mca	202112	210700	锦州市
mca	202112	210702	古塔区
mca	202112	210703	凌河区
mca	202112	210711	太和区
mca	202112	210726	黑山县
mca	202112	210727	义县
mca	202112	210781	凌海市
mca	202112	210782	北镇市
mca	202112	210800	营口市
mca	202112	210802	站前区
mca	202112	210803	西市区
mca	202112	210804	鲅鱼圈区
mca	202112	210811	老边区
mca	202112	210881	盖州市
mca	202112	210882	大石桥市
mca	202112	210900	阜新市
mca	202112	210902	海州区
mca	202112	210903	新邱区
mca	202112	210904	太平区
mca	202112	210905	清河门区
mca	202112	210911	细河区
mca	202112	210921	阜新蒙古族自治县
mca	202112	210922	彰武县
mca	202112	211000	辽阳市
mca	202112	211002	白塔区
mca	202112	211003	文圣区
mca	202112	211004	宏伟区
mca	202112	211005	弓长岭区
mca	202112	211011	太子河区
mca	202112	211021	辽阳县
mca	202112	211081	灯塔市
mca	202112	211100	盘锦市
mca	202112	211102	双台子区
mca	202112	211103	兴隆台区
mca	202112	211104	大洼区
mca	202112	211122	盘山县
mca	202112	211200	铁岭市
mca	202112	211202	银州区
mca	202112	211204	清河区
mca	202112	211221	铁岭县
mca	202112	211223	西丰县
mca	202112	211224	昌图县
mca	202112	211281	调兵山市
mca	202112	211282	开原市
mca	202112	211300	朝阳市
mca	202112	211302	双塔区
mca	202112	211303	龙城区
mca	202112	211321	朝阳县
mca	202112	211322	建平县
mca	202112	211324	喀喇沁左翼蒙古族自治县
mca	202112	211381	北票市
mca	202112	211382	凌源市
mca	202112	211400	葫芦岛市
mca	202112	211402	连山区
mca	202112	211403	龙港区
mca	202112	211404	南票区
mca	202112	211421	绥中县
mca	202112	211422	建昌县
mca	202112	211481	兴城市
mca	202112	220000	吉林省
mca	202112	220100	长春市
mca	202112	220102	南关区
mca	202112	220103	宽城区
mca	202112	220104	朝阳区
mca	202112	220105	二道区
mca	202112	220106	绿园区
mca	202112	220112	双阳区
mca	202112	220113	九台区
mca	202112	220122	农安县
mca	202112	220182	榆树市
mca	202112	220183	德惠市
mca	202112	220184	公主岭市
mca	202112	220200	吉林市
mca	202112	220202	昌邑区
mca	202112	220203	龙潭区
mca	202112	220204	船营区
mca	202112	220211	丰满区
mca	202112	220221	永吉县
mca	202112	220281	蛟河市
mca	202112	220282	桦甸市
mca	202112	220283	舒兰市
mca	202112	220284	磐石市
mca	202112	220300	四平市
mca	202112	220302	铁西区
mca	202112	220303	铁东区
mca	202112	220322	梨树县
mca	202112	220323	伊通满族自治县
mca	202112	220382	双辽市
mca	202112	220400	辽源市
mca	202112	220402	龙山区
mca	202112	220403	西安区
mca	202112	220421	东丰县
mca	202112	220422	东辽县
mca	202112	220500	通化市
mca	202112	220502	东昌区
mca	202112	220503	二道江区
mca	202112	220521	通化县
mca	202112	220523	辉南县
mca	202112	220524	柳河县
mca	202112	220581	梅河口市
mca	202112	220582	集安市
mca	202112	220600	白山市
mca	202112	220602	浑江区
mca	202112	220605	江源区
mca	202112	220621	抚松县
mca	202112	220622	靖宇县
mca	202112	220623	长白朝鲜族自治县
mca	202112	220681	临江市
mca	202112	220700	松原市
mca	202112	220702	宁江区
mca	202112	220721	前郭尔罗斯蒙古族自治县
mca	202112	220722	长岭县
mca	202112	220723	乾安县
mca	202112	220781	扶余市
mca	202112	220800	白城市
mca	202112	220802	洮北区
mca	202112	220821	镇赉县
mca	202112	220822	通榆县
mca	202112	220881	洮南市
mca	202112	220882	大安市
mca	202112	222400	延边朝鲜族自治州
mca	202112	222401	延吉市
mca	202112	222402	图们市
mca	202112	222403	敦化市
mca	202112	222404	珲春市
mca	202112	222405	龙井市
mca	202112	222406	和龙市
mca	202112	222424	汪清县
mca	202112	222426	安图县
mca	202112	230000	黑龙江省
mca	202112	230100	哈尔滨市
mca	202112	230102	道里区
mca	202112	230103	南岗区
mca	202112	230104	道外区
mca	202112	230108	平房区
mca	202112	230109	松北区
mca	202112	230110	香坊区
mca	202112	230111	呼兰区
mca	202112	230112	阿城区
mca	202112	230113	双城区
mca	202112	230123	依兰县
mca	202112	230124	方正县
mca	202112	230125	宾县
mca	202112	230126	巴彦县
mca	202112	230127	木兰县
mca	202112	230128	通河县
mca	202112	230129	延寿县
mca	202112	230183	尚志市
mca	202112	230184	五常市
mca	202112	230200	齐齐哈尔市
mca	202112	230202	龙沙区
mca	202112	230203	建华区
mca	202112	230204	铁锋区
mca	202112	230205	昂昂溪区
mca	202112	230206	富拉尔基区
mca	202112	230207	碾子山区
mca	202112	230208	梅里斯达斡尔族区
mca	202112	230221	龙江县
mca	202112	230223	依安县
mca	202112	230224	泰来县
mca	202112	230225	甘南县
mca	202112	230227	富裕县
mca	202112	230229	克山县
mca	202112	230230	克东县
mca	202112	230231	拜泉县
mca	202112	230281	讷河市
mca	202112	230300	鸡西市
mca	202112	230302	鸡冠区
mca	202112	230303	恒山区
mca	202112	230304	滴道区
mca	202112	230305	梨树区
mca	202112	230306	城子河区
mca	202112	230307	麻山区
mca	202112	230321	鸡东县
mca	202112	230381	虎林市
mca	202112	230382	密山市
mca	202112	230400	鹤岗市
mca	202112	230402	向阳区
mca	202112	230403	工农区
mca	202112	230404	南山区
mca	202112	230405	兴安区
mca	202112	230406	东山区
mca	202112	230407	兴山区
mca	202112	230421	萝北县
mca	202112	230422	绥滨县
mca	202112	230500	双鸭山市
mca	202112	230502	尖山区
mca	202112	230503	岭东区
mca	202112	230505	四方台区
mca	202112	230506	宝山区
mca	202112	230521	集贤县
mca	202112	230522	友谊县
mca	202112	230523	宝清县
mca	202112	230524	饶河县
mca	202112	230600	大庆市
mca	202112	230602	萨尔图区
mca	202112	230603	龙凤区
mca	202112	230604	让胡路区
mca	202112	230605	红岗区
mca	202112	230606	大同区
mca	202112	230621	肇州县
mca	202112	230622	肇源县
mca	202112	230623	林甸县
mca	202112	230624	杜尔伯特蒙古族自治县
mca	202112	230700	伊春市
mca	202112	230717	伊美区
mca	202112	230718	乌翠区
mca	202112	230719	友好区
mca	202112	230722	嘉荫县
mca	202112	230723	汤旺县
mca	202112	230724	丰林县
mca	202112	230725	大箐山县
mca	202112	230726	南岔县
mca	202112	230751	金林区
mca	202112	230781	铁力市
mca	202112	230800	佳木斯市
mca	202112	230803	向阳区
mca	202112	230804	前进区
mca	202112	230805	东风区
mca	202112	230811	郊区
mca	202112	230822	桦南县
mca	202112	230826	桦川县
mca	202112	230828	汤原县
mca	202112	230881	同江市
mca	202112	230882	富锦市
mca	202112	230883	抚远市
mca	202112	230900	七台河市
mca	202112	230902	新兴区
mca	202112	230903	桃山区
mca	202112	230904	茄子河区
mca	202112	230921	勃利县
mca	202112	231000	牡丹江市
mca	202112	231002	东安区
mca	202112	231003	阳明区
mca	202112	231004	爱民区
mca	202112	231005	西安区
mca	202112	231025	林口县
mca	202112	231081	绥芬河市
mca	202112	231083	海林市
mca	202112	231084	宁安市
mca	202112	231085	穆棱市
mca	202112	231086	东宁市
mca	202112	231100	黑河市
mca	202112	231102	爱辉区
mca	202112	231123	逊克县
mca	202112	231124	孙吴县
mca	202112	231181	北安市
mca	202112	231182	五大连池市
mca	202112	231183	嫩江市
mca	202112	231200	绥化市
mca	202112	231202	北林区
mca	202112	231221	望奎县
mca	202112	231222	兰西县
mca	202112	231223	青冈县
mca	202112	231224	庆安县
mca	202112	231225	明水县
mca	202112	231226	绥棱县
mca	202112	231281	安达市
mca	202112	231282	肇东市
mca	202112	231283	海伦市
mca	202112	232700	大兴安岭地区
mca	202112	232701	漠河市
mca	202112	232721	呼玛县
mca	202112	232722	塔河县
mca	202112	310000	上海市
mca	202112	310101	黄浦区
mca	202112	310104	徐汇区
mca	202112	310105	长宁区
mca	202112	310106	静安区
mca	202112	310107	普陀区
mca	202112	310109	虹口区
mca	202112	310110	杨浦区
mca	202112	310112	闵行区
mca	202112	310113	宝山区
mca	202112	310114	嘉定区
mca	202112	310115	浦东新区
mca	202112	310116	金山区
mca	202112	310117	松江区
mca	202112	310118	青浦区
mca	202112	310120	奉贤区
mca	202112	310151	崇明区
mca	202112	320000	江苏省
mca	202112	320100	南京市
mca	202112	320102	玄武区
mca	202112	320104	秦淮区
mca	202112	320105	建邺区
mca	202112	320106	鼓楼区
mca	202112	320111	浦口区
mca	202112	320113	栖霞区
mca	202112	320114	雨花台区
mca	202112	320115	江宁区
mca	202112	320116	六合区
mca	202112	320117	溧水区
mca	202112	320118	高淳区
mca	202112	320200	无锡市
mca	202112	320205	锡山区
mca	202112	320206	惠山区
mca	202112	320211	滨湖区
mca	202112	320213	梁溪区
mca	202112	320214	新吴区
mca	202112	320281	江阴市
mca	202112	320282	宜兴市
mca	202112	320300	徐州市
mca	202112	320302	鼓楼区
mca	202112	320303	云龙区
mca	202112	320305	贾汪区
mca	202112	320311	泉山区
mca	202112	320312	铜山区
mca	202112	320321	丰县
mca	202112	320322	沛县
mca	202112	320324	睢宁县
mca	202112	320381	新沂市
mca	202112	320382	邳州市
mca	202112	320400	常州市
mca	202112	320402	天宁区
mca	202112	320404	钟楼区
mca	202112	320411	新北区
mca	202112	320412	武进区
mca	202112	320413	金坛区
mca	202112	320481	溧阳市
mca	202112	320500	苏州市
mca	202112	320505	虎丘区
mca	202112	320506	吴中区
mca	202112	320507	相城区
mca	202112	320508	姑苏区
mca	202112	320509	吴江区
mca	202112	320581	常熟市
mca	202112	320582	张家港市
mca	202112	320583	昆山市
mca	202112	320585	太仓市
mca	202112	320600	南通市
mca	202112	320612	通州区
mca	202112	320613	崇川区
mca	202112	320614	海门区
mca	202112	320623	如东县
mca	202112	320681	启东市
mca	202112	320682	如皋市
mca	202112	320685	海安市
mca	202112	320700	连云港市
mca	202112	320703	连云区
mca	202112	320706	海州区
mca	202112	320707	赣榆区
mca	202112	320722	东海县
mca	202112	320723	灌云县
mca	202112	320724	灌南县
mca	202112	320800	淮安市
mca	202112	320803	淮安区
mca	202112	320804	淮阴区
mca	202112	320812	清江浦区
mca	202112	320813	洪泽区
mca	202112	320826	涟水县
mca	202112	320830	盱眙县
mca	202112	320831	金湖县
mca	202112	320900	盐城市
mca	202112	320902	亭湖区
mca	202112	320903	盐都区
mca	202112	320904	大丰区
mca	202112	320921	响水县
mca	202112	320922	滨海县
mca	202112	320923	阜宁县
mca	202112	320924	射阳县
mca	202112	320925	建湖县
mca	202112	320981	东台市
mca	202112	321000	扬州市
mca	202112	321002	广陵区
mca	202112	321003	邗江区
mca	202112	321012	江都区
mca	202112	321023	宝应县
mca	202112	321081	仪征市
mca	202112	321084	高邮市
mca	202112	321100	镇江市
mca	202112	321102	京口区
mca	202112	321111	润州区
mca	202112	321112	丹徒区
mca	202112	321181	丹阳市
mca	202112	321182	扬中市
mca	202112	321183	句容市
mca	202112	321200	泰州市
mca	202112	321202	海陵区
mca	202112	321203	高港区
mca	202112	321204	姜堰区
mca	202112	321281	兴化市
mca	202112	321282	靖江市
mca	202112	321283	泰兴市
mca	202112	321300	宿迁市
mca	202112	321302	宿城区
mca	202112	321311	宿豫区
mca	202112	321322	沭阳县
mca	202112	321323	泗阳县
mca	202112	321324	泗洪县
mca	202112	330000	浙江省
mca	202112	330100	杭州市
mca	202112	330102	上城区
mca	202112	330105	拱墅区
mca	202112	330106	西湖区
mca	202112	330108	滨江区
mca	202112	330109	萧山区
mca	202112	330110	余杭区
mca	202112	330111	富阳区
mca	202112	330112	临安区
mca	202112	330113	临平区
mca	202112	330114	钱塘区
mca	202112	330122	桐庐县
mca	202112	330127	淳安县
mca	202112	330182	建德市
mca	202112	330200	宁波市
mca	202112	330203	海曙区
mca	202112	330205	江北区
mca	202112	330206	北仑区
mca	202112	330211	镇海区
mca	202112	330212	鄞州区
mca	202112	330213	奉化区
mca	202112	330225	象山县
mca	202112	330226	宁海县
mca	202112	330281	余姚市
mca	202112	330282	慈溪市
mca	202112	330300	温州市
mca	202112	330302	鹿城区
mca	202112	330303	龙湾区
mca	202112	330304	瓯海区
mca	202112	330305	洞头区
mca	202112	330324	永嘉县
mca	202112	330326	平阳县
mca	202112	330327	苍南县
mca	202112	330328	文成县
mca	202112	330329	泰顺县
mca	202112	330381	瑞安市
mca	202112	330382	乐清市
mca	202112	330383	龙港市
mca	202112	330400	嘉兴市
mca	202112	330402	南湖区
mca	202112	330411	秀洲区
mca	202112	330421	嘉善县
mca	202112	330424	海盐县
mca	202112	330481	海宁市
mca	202112	330482	平湖市
mca	202112	330483	桐乡市
mca	202112	330500	湖州市
mca	202112	330502	吴兴区
mca	202112	330503	南浔区
mca	202112	330521	德清县
mca	202112	330522	长兴县
mca	202112	330523	安吉县
mca	202112	330600	绍兴市
mca	202112	330602	越城区
mca	202112	330603	柯桥区
mca	202112	330604	上虞区
mca	202112	330624	新昌县
mca	202112	330681	诸暨市
mca	202112	330683	嵊州市
mca	202112	330700	金华市
mca	202112	330702	婺城区
mca	202112	330703	金东区
mca	202112	330723	武义县
mca	202112	330726	浦江县
mca	202112	330727	磐安县
mca	202112	330781	兰溪市
mca	202112	330782	义乌市
mca	202112	330783	东阳市
mca	202112	330784	永康市
mca	202112	330800	衢州市
mca	202112	330802	柯城区
mca	202112	330803	衢江区
mca	202112	330822	常山县
mca	202112	330824	开化县
mca	202112	330825	龙游县
mca	202112	330881	江山市
mca	202112	330900	舟山市
mca	202112	330902	定海区
mca	202112	330903	普陀区
mca	202112	330921	岱山县
mca	202112	330922	嵊泗县
mca	202112	331000	台州市
mca	202112	331002	椒江区
mca	202112	331003	黄岩区
mca	202112	331004	路桥区
mca	202112	331022	三门县
mca	202112	331023	天台县
mca	202112	331024	仙居县
mca	202112	331081	温岭市
mca	202112	331082	临海市
mca	202112	331083	玉环市
mca	202112	331100	丽水市
mca	202112	331102	莲都区
mca	202112	331121	青田县
mca	202112	331122	缙云县
mca	202112	331123	遂昌县
mca	202112	331124	松阳县
mca	202112	331125	云和县
mca	202112	331126	庆元县
mca	202112	331127	景宁畲族自治县
mca	202112	331181	龙泉市
mca	202112	340000	安徽省
mca	202112	340100	合肥市
mca	202112	340102	瑶海区
mca	202112	340103	庐阳区
mca	202112	340104	蜀山区
mca	202112	340111	包河区
mca	202112	340121	长丰县
mca	202112	340122	肥东县
mca	202112	340123	肥西县
mca	202112	340124	庐江县
mca	202112	340181	巢湖市
mca	202112	340200	芜湖市
mca	202112	340202	镜湖区
mca	202112	340207	鸠江区
mca	202112	340209	弋江区
mca	202112	340210	湾沚区
mca	202112	340212	繁昌区
mca	202112	340223	南陵县
mca	202112	340281	无为市
mca	202112	340300	蚌埠市
mca	202112	340302	龙子湖区
mca	202112	340303	蚌山区
mca	202112	340304	禹会区
mca	202112	340311	淮上区
mca	202112	340321	怀远县
mca	202112	340322	五河县
mca	202112	340323	固镇县
mca	202112	340400	淮南市
mca	202112	340402	大通区
mca	202112	340403	田家庵区
mca	202112	340404	谢家集区
mca	202112	340405	八公山区
mca	202112	340406	潘集区
mca	202112	340421	凤台县
mca	202112	340422	寿县
mca	202112	340500	马鞍山市
mca	202112	340503	花山区
mca	202112	340504	雨山区
mca	202112	340506	博望区
mca	202112	340521	当涂县
mca	202112	340522	含山县
mca	202112	340523	和县
mca	202112	340600	淮北市
mca	202112	340602	杜集区
mca	202112	340603	相山区
mca	202112	340604	烈山区
mca	202112	340621	濉溪县
mca	202112	340700	铜陵市
mca	202112	340705	铜官区
mca	202112	340706	义安区
mca	202112	340711	郊区
mca	202112	340722	枞阳县
mca	202112	340800	安庆市
mca	202112	340802	迎江区
mca	202112	340803	大观区
mca	202112	340811	宜秀区
mca	202112	340822	怀宁县
mca	202112	340825	太湖县
mca	202112	340826	宿松县
mca	202112	340827	望江县
mca	202112	340828	岳西县
mca	202112	340881	桐城市
mca	202112	340882	潜山市
mca	202112	341000	黄山市
mca	202112	341002	屯溪区
mca	202112	341003	黄山区
mca	202112	341004	徽州区
mca	202112	341021	歙县
mca	202112	341022	休宁县
mca	202112	341023	黟县
mca	202112	341024	祁门县
mca	202112	341100	滁州市
mca	202112	341102	琅琊区
mca	202112	341103	南谯区
mca	202112	341122	来安县
mca	202112	341124	全椒县
mca	202112	341125	定远县
mca	202112	341126	凤阳县
mca	202112	341181	天长市
mca	202112	341182	明光市
mca	202112	341200	阜阳市
mca	202112	341202	颍州区
mca	202112	341203	颍东区
mca	202112	341204	颍泉区
mca	202112	341221	临泉县
mca	202112	341222	太和县
mca	202112	341225	阜南县
mca	202112	341226	颍上县
mca	202112	341282	界首市
mca	202112	341300	宿州市
mca	202112	341302	埇桥区
mca	202112	341321	砀山县
mca	202112	341322	萧县
mca	202112	341323	灵璧县
mca	202112	341324	泗县
mca	202112	341500	六安市
mca	202112	341502	金安区
mca	202112	341503	裕安区
mca	202112	341504	叶集区
mca	202112	341522	霍邱县
mca	202112	341523	舒城县
mca	202112	341524	金寨县
mca	202112	341525	霍山县
mca	202112	341600	亳州市
mca	202112	341602	谯城区
mca	202112	341621	涡阳县
mca	202112	341622	蒙城县
mca	202112	341623	利辛县
mca	202112	341700	池州市
mca	202112	341702	贵池区
mca	202112	341721	东至县
mca	202112	341722	石台县
mca	202112	341723	青阳县
mca	202112	341800	宣城市
mca	202112	341802	宣州区
mca	202112	341821	郎溪县
mca	202112	341823	泾县
mca	202112	341824	绩溪县
mca	202112	341825	旌德县
mca	202112	341881	宁国市
mca	202112	341882	广德市
mca	202112	350000	福建省
mca	202112	350100	福州市
mca	202112	350102	鼓楼区
mca	202112	350103	台江区
mca	202112	350104	仓山区
mca	202112	350105	马尾区
mca	202112	350111	晋安区
mca	202112	350112	长乐区
mca	202112	350121	闽侯县
mca	202112	350122	连江县
mca	202112	350123	罗源县
mca	202112	350124	闽清县
mca	202112	350125	永泰县
mca	202112	350128	平潭县
mca	202112	350181	福清市
mca	202112	350200	厦门市
mca	202112	350203	思明区
mca	202112	350205	海沧区
mca	202112	350206	湖里区
mca	202112	350211	集美区
mca	202112	350212	同安区
mca	202112	350213	翔安区
mca	202112	350300	莆田市
mca	202112	350302	城厢区
mca	202112	350303	涵江区
mca	202112	350304	荔城区
mca	202112	350305	秀屿区
mca	202112	350322	仙游县
mca	202112	350400	三明市
mca	202112	350404	三元区
mca	202112	350405	沙县区
mca	202112	350421	明溪县
mca	202112	350423	清流县
mca	202112	350424	宁化县
mca	202112	350425	大田县
mca	202112	350426	尤溪县
mca	202112	350428	将乐县
mca	202112	350429	泰宁县
mca	202112	350430	建宁县
mca	202112	350481	永安市
mca	202112	350500	泉州市
mca	202112	350502	鲤城区
mca	202112	350503	丰泽区
mca	202112	350504	洛江区
mca	202112	350505	泉港区
mca	202112	350521	惠安县
mca	202112	350524	安溪县
mca	202112	350525	永春县
mca	202112	350526	德化县
mca	202112	350527	金门县
mca	202112	350581	石狮市
mca	202112	350582	晋江市
mca	202112	350583	南安市
mca	202112	350600	漳州市
mca	202112	350602	芗城区
mca	202112	350603	龙文区
mca	202112	350604	龙海区
mca	202112	350605	长泰区
mca	202112	350622	云霄县
mca	202112	350623	漳浦县
mca	202112	350624	诏安县
mca	202112	350626	东山县
mca	202112	350627	南靖县
mca	202112	350628	平和县
mca	202112	350629	华安县
mca	202112	350700	南平市
mca	202112	350702	延平区
mca	202112	350703	建阳区
mca	202112	350721	顺昌县
mca	202112	350722	浦城县
mca	202112	350723	光泽县
mca	202112	350724	松溪县
mca	202112	350725	政和县
mca	202112	350781	邵武市
mca	202112	350782	武夷山市
mca	202112	350783	建瓯市
mca	202112	350800	龙岩市
mca	202112	350802	新罗区
mca	202112	350803	永定区
mca	202112	350821	长汀县
mca	202112	350823	上杭县
mca	202112	350824	武平县
mca	202112	350825	连城县
mca	202112	350881	漳平市
mca	202112	350900	宁德市
mca	202112	350902	蕉城区
mca	202112	350921	霞浦县
mca	202112	350922	古田县
mca	202112	350923	屏南县
mca	202112	350924	寿宁县
mca	202112	350925	周宁县
mca	202112	350926	柘荣县
mca	202112	350981	福安市
mca	202112	350982	福鼎市
mca	202112	360000	江西省
mca	202112	360100	南昌市
mca	202112	360102	东湖区
mca	202112	360103	西湖区
mca	202112	360104	青云谱区
mca	202112	360111	青山湖区
mca	202112	360112	新建区
mca	202112	360113	红谷滩区
mca	202112	360121	南昌县
mca	202112	360123	安义县
mca	202112	360124	进贤县
mca	202112	360200	景德镇市
mca	202112	360202	昌江区
mca	202112	360203	珠山区
mca	202112	360222	浮梁县
mca	202112	360281	乐平市
mca	202112	360300	萍乡市
mca	202112	360302	安源区
mca	202112	360313	湘东区
mca	202112	360321	莲花县
mca	202112	360322	上栗县
mca	202112	360323	芦溪县
mca	202112	360400	九江市
mca	202112	360402	濂溪区
mca	202112	360403	浔阳区
mca	202112	360404	柴桑区
mca	202112	360423	武宁县
mca	202112	360424	修水县
mca	202112	360425	永修县
mca	202112	360426	德安县
mca	202112	360428	都昌县
mca	202112	360429	湖口县
mca	202112	360430	彭泽县
mca	202112	360481	瑞昌市
mca	202112	360482	共青城市
mca	202112	360483	庐山市
mca	202112	360500	新余市
mca	202112	360502	渝水区
mca	202112	360521	分宜县
mca	202112	360600	鹰潭市
mca	202112	360602	月湖区
mca	202112	360603	余江区
mca	202112	360681	贵溪市
mca	202112	360700	赣州市
mca	202112	360702	章贡区
mca	202112	360703	南康区
mca	202112	360704	赣县区
mca	202112	360722	信丰县
mca	202112	360723	大余县
mca	202112	360724	上犹县
mca	202112	360725	崇义县
mca	202112	360726	安远县
mca	202112	360728	定南县
mca	202112	360729	全南县
mca	202112	360730	宁都县
mca	202112	360731	于都县
mca	202112	360732	兴国县
mca	202112	360733	会昌县
mca	202112	360734	寻乌县
mca	202112	360735	石城县
mca	202112	360781	瑞金市
mca	202112	360783	龙南市
mca	202112	360800	吉安市
mca	202112	360802	吉州区
mca	202112	360803	青原区
mca	202112	360821	吉安县
mca	202112	360822	吉水县
mca	202112	360823	峡江县
mca	202112	360824	新干县
mca	202112	360825	永丰县
mca	202112	360826	泰和县
mca	202112	360827	遂川县
mca	202112	360828	万安县
mca	202112	360829	安福县
mca	202112	360830	永新县
mca	202112	360881	井冈山市
mca	202112	360900	宜春市
mca	202112	360902	袁州区
mca	202112	360921	奉新县
mca	202112	360922	万载县
mca	202112	360923	上高县
mca	202112	360924	宜丰县
mca	202112	360925	靖安县
mca	202112	360926	铜鼓县
mca	202112	360981	丰城市
mca	202112	360982	樟树市
mca	202112	360983	高安市
mca	202112	361000	抚州市
mca	202112	361002	临川区
mca	202112	361003	东乡区
mca	202112	361021	南城县
mca	202112	361022	黎川县
mca	202112	361023	南丰县
mca	202112	361024	崇仁县
mca	202112	361025	乐安县
mca	202112	361026	宜黄县
mca	202112	361027	金溪县
mca	202112	361028	资溪县
mca	202112	361030	广昌县
mca	202112	361100	上饶市
mca	202112	361102	信州区
mca	202112	361103	广丰区
mca	202112	361104	广信区
mca	202112	361123	玉山县
mca	202112	361124	铅山县
mca	202112	361125	横峰县
mca	202112	361126	弋阳县
mca	202112	361127	余干县
mca	202112	361128	鄱阳县
mca	202112	361129	万年县
mca	202112	361130	婺源县
mca	202112	361181	德兴市
mca	202112	370000	山东省
mca	202112	370100	济南市
mca	202112	370102	历下区
mca	202112	370103	市中区
mca	202112	370104	槐荫区
mca	202112	370105	天桥区
mca	202112	370112	历城区
mca	202112	370113	长清区
mca	202112	370114	章丘区
mca	202112	370115	济阳区
mca	202112	370116	莱芜区
mca	202112	370117	钢城区
mca	202112	370124	平阴县
mca	202112	370126	商河县
mca	202112	370200	青岛市
mca	202112	370202	市南区
mca	202112	370203	市北区
mca	202112	370211	黄岛区
mca	202112	370212	崂山区
mca	202112	370213	李沧区
mca	202112	370214	城阳区
mca	202112	370215	即墨区
mca	202112	370281	胶州市
mca	202112	370283	平度市
mca	202112	370285	莱西市
mca	202112	370300	淄博市
mca	202112	370302	淄川区
mca	202112	370303	张店区
mca	202112	370304	博山区
mca	202112	370305	临淄区
mca	202112	370306	周村区
mca	202112	370321	桓台县
mca	202112	370322	高青县
mca	202112	370323	沂源县
mca	202112	370400	枣庄市
mca	202112	370402	市中区
mca	202112	370403	薛城区
mca	202112	370404	峄城区
mca	202112	370405	台儿庄区
mca	202112	370406	山亭区
mca	202112	370481	滕州市
mca	202112	370500	东营市
mca	202112	370502	东营区
mca	202112	370503	河口区
mca	202112	370505	垦利区
mca	202112	370522	利津县
mca	202112	370523	广饶县
mca	202112	370600	烟台市
mca	202112	370602	芝罘区
mca	202112	370611	福山区
mca	202112	370612	牟平区
mca	202112	370613	莱山区
mca	202112	370614	蓬莱区
mca	202112	370681	龙口市
mca	202112	370682	莱阳市
mca	202112	370683	莱州市
mca	202112	370685	招远市
mca	202112	370686	栖霞市
mca	202112	370687	海阳市
mca	202112	370700	潍坊市
mca	202112	370702	潍城区
mca	202112	370703	寒亭区
mca	202112	370704	坊子区
mca	202112	370705	奎文区
mca	202112	370724	临朐县
mca	202112	370725	昌乐县
mca	202112	370781	青州市
mca	202112	370782	诸城市
mca	202112	370783	寿光市
mca	202112	370784	安丘市
mca	202112	370785	高密市
mca	202112	370786	昌邑市
mca	202112	370800	济宁市
mca	202112	370811	任城区
mca	202112	370812	兖州区
mca	202112	370826	微山县
mca	202112	370827	鱼台县
mca	202112	370828	金乡县
mca	202112	370829	嘉祥县
mca	202112	370830	汶上县
mca	202112	370831	泗水县
mca	202112	370832	梁山县
mca	202112	370881	曲阜市
mca	202112	370883	邹城市
mca	202112	370900	泰安市
mca	202112	370902	泰山区
mca	202112	370911	岱岳区
mca	202112	370921	宁阳县
mca	202112	370923	东平县
mca	202112	370982	新泰市
mca	202112	370983	肥城市
mca	202112	371000	威海市
mca	202112	371002	环翠区
mca	202112	371003	文登区
mca	202112	371082	荣成市
mca	202112	371083	乳山市
mca	202112	371100	日照市
mca	202112	371102	东港区
mca	202112	371103	岚山区
mca	202112	371121	五莲县
mca	202112	371122	莒县
mca	202112	371300	临沂市
mca	202112	371302	兰山区
mca	202112	371311	罗庄区
mca	202112	371312	河东区
mca	202112	371321	沂南县
mca	202112	371322	郯城县
mca	202112	371323	沂水县
mca	202112	371324	兰陵县
mca	202112	371325	费县
mca	202112	371326	平邑县
mca	202112	371327	莒南县
mca	202112	371328	蒙阴县
mca	202112	371329	临沭县
mca	202112	371400	德州市
mca	202112	371402	德城区
mca	202112	371403	陵城区
mca	202112	371422	宁津县
mca	202112	371423	庆云县
mca	202112	371424	临邑县
mca	202112	371425	齐河县
mca	202112	371426	平原县
mca	202112	371427	夏津县
mca	202112	371428	武城县
mca	202112	371481	乐陵市
mca	202112	371482	禹城市
mca	202112	371500	聊城市
mca	202112	371502	东昌府区
mca	202112	371503	茌平区
mca	202112	371521	阳谷县
mca	202112	371522	莘县
mca	202112	371524	东阿县
mca	202112	371525	冠县
mca	202112	371526	高唐县
mca	202112	371581	临清市
mca	202112	371600	滨州市
mca	202112	371602	滨城区
mca	202112	371603	沾化区
mca	202112	371621	惠民县
mca	202112	371622	阳信县
mca	202112	371623	无棣县
mca	202112	371625	博兴县
mca	202112	371681	邹平市
mca	202112	371700	菏泽市
mca	202112	371702	牡丹区
mca	202112	371703	定陶区
mca	202112	371721	曹县
mca	202112	371722	单县
mca	202112	371723	成武县
mca	202112	371724	巨野县
mca	202112	371725	郓城县
mca	202112	371726	鄄城县
mca	202112	371728	东明县
mca	202112	410000	河南省
mca	202112	410100	郑州市
mca	202112	410102	中原区
mca	202112	410103	二七区
mca	202112	410104	管城回族区
mca	202112	410105	金水区
mca	202112	410106	上街区
mca	202112	410108	惠济区
mca	202112	410122	中牟县
mca	202112	410181	巩义市
mca	202112	410182	荥阳市
mca	202112	410183	新密市
mca	202112	410184	新郑市
mca	202112	410185	登封市
mca	202112	410200	开封市
mca	202112	410202	龙亭区
mca	202112	410203	顺河回族区
mca	202112	410204	鼓楼区
mca	202112	410205	禹王台区
mca	202112	410212	祥符区
mca	202112	410221	杞县
mca	202112	410222	通许县
mca	202112	410223	尉氏县
mca	202112	410225	兰考县
mca	202112	410300	洛阳市
mca	202112	410302	老城区
mca	202112	410303	西工区
mca	202112	410304	瀍河回族区
mca	202112	410305	涧西区
mca	202112	410307	偃师区
mca	202112	410308	孟津区
mca	202112	410311	洛龙区
mca	202112	410323	新安县
mca	202112	410324	栾川县
mca	202112	410325	嵩县
mca	202112	410326	汝阳县
mca	202112	410327	宜阳县
mca	202112	410328	洛宁县
mca	202112	410329	伊川县
mca	202112	410400	平顶山市
mca	202112	410402	新华区
mca	202112	410403	卫东区
mca	202112	410404	石龙区
mca	202112	410411	湛河区
mca	202112	410421	宝丰县
mca	202112	410422	叶县
mca	202112	410423	鲁山县
mca	202112	410425	郏县
mca	202112	410481	舞钢市
mca	202112	410482	汝州市
mca	202112	410500	安阳市
mca	202112	410502	文峰区
mca	202112	410503	北关区
mca	202112	410505	殷都区
mca	202112	410506	龙安区
mca	202112	410522	安阳县
mca	202112	410523	汤阴县
mca	202112	410526	滑县
mca	202112	410527	内黄县
mca	202112	410581	林州市
mca	202112	410600	鹤壁市
mca	202112	410602	鹤山区
mca	202112	410603	山城区
mca	202112	410611	淇滨区
mca	202112	410621	浚县
mca	202112	410622	淇县
mca	202112	410700	新乡市
mca	202112	410702	红旗区
mca	202112	410703	卫滨区
mca	202112	410704	凤泉区
mca	202112	410711	牧野区
mca	202112	410721	新乡县
mca	202112	410724	获嘉县
mca	202112	410725	原阳县
mca	202112	410726	延津县
mca	202112	410727	封丘县
mca	202112	410781	卫辉市
mca	202112	410782	辉县市
mca	202112	410783	长垣市
mca	202112	410800	焦作市
mca	202112	410802	解放区
mca	202112	410803	中站区
mca	202112	410804	马村区
mca	202112	410811	山阳区
mca	202112	410821	修武县
mca	202112	410822	博爱县
mca	202112	410823	武陟县
mca	202112	410825	温县
mca	202112	410882	沁阳市
mca	202112	410883	孟州市
mca	202112	410900	濮阳市
mca	202112	410902	华龙区
mca	202112	410922	清丰县
mca	202112	410923	南乐县
mca	202112	410926	范县
mca	202112	410927	台前县
mca	202112	410928	濮阳县
mca	202112	411000	许昌市
mca	202112	411002	魏都区
mca	202112	411003	建安区
mca	202112	411024	鄢陵县
mca	202112	411025	襄城县
mca	202112	411081	禹州市
mca	202112	411082	长葛市
mca	202112	411100	漯河市
mca	202112	411102	源汇区
mca	202112	411103	郾城区
mca	202112	411104	召陵区
mca	202112	411121	舞阳县
mca	202112	411122	临颍县
mca	202112	411200	三门峡市
mca	202112	411202	湖滨区
mca	202112	411203	陕州区
mca	202112	411221	渑池县
mca	202112	411224	卢氏县
mca	202112	411281	义马市
mca	202112	411282	灵宝市
mca	202112	411300	南阳市
mca	202112	411302	宛城区
mca	202112	411303	卧龙区
mca	202112	411321	南召县
mca	202112	411322	方城县
mca	202112	411323	西峡县
mca	202112	411324	镇平县
mca	202112	411325	内乡县
mca	202112	411326	淅川县
mca	202112	411327	社旗县
mca	202112	411328	唐河县
mca	202112	411329	新野县
mca	202112	411330	桐柏县
mca	202112	411381	邓州市
mca	202112	411400	商丘市
mca	202112	411402	梁园区
mca	202112	411403	睢阳区
mca	202112	411421	民权县
mca	202112	411422	睢县
mca	202112	411423	宁陵县
mca	202112	411424	柘城县
mca	202112	411425	虞城县
mca	202112	411426	夏邑县
mca	202112	411481	永城市
mca	202112	411500	信阳市
mca	202112	411502	浉河区
mca	202112	411503	平桥区
mca	202112	411521	罗山县
mca	202112	411522	光山县
mca	202112	411523	新县
mca	202112	411524	商城县
mca	202112	411525	固始县
mca	202112	411526	潢川县
mca	202112	411527	淮滨县
mca	202112	411528	息县
mca	202112	411600	周口市
mca	202112	411602	川汇区
mca	202112	411603	淮阳区
mca	202112	411621	扶沟县
mca	202112	411622	西华县
mca	202112	411623	商水县
mca	202112	411624	沈丘县
mca	202112	411625	郸城县
mca	202112	411627	太康县
mca	202112	411628	鹿邑县
mca	202112	411681	项城市
mca	202112	411700	驻马店市
mca	202112	411702	驿城区
mca	202112	411721	西平县
mca	202112	411722	上蔡县
mca	202112	411723	平舆县
mca	202112	411724	正阳县
mca	202112	411725	确山县
mca	202112	411726	泌阳县
mca	202112	411727	汝南县
mca	202112	411728	遂平县
mca	202112	411729	新蔡县
mca	202112	419001	济源市
mca	202112	420000	湖北省
mca	202112	420100	武汉市
mca	202112	420102	江岸区
mca	202112	420103	江汉区
mca	202112	420104	硚口区
mca	202112	420105	汉阳区
mca	202112	420106	武昌区
mca	202112	420107	青山区
mca	202112	420111	洪山区
mca	202112	420112	东西湖区
mca	202112	420113	汉南区
mca	202112	420114	蔡甸区
mca	202112	420115	江夏区
mca	202112	420116	黄陂区
mca	202112	420117	新洲区
mca	202112	420200	黄石市
mca	202112	420202	黄石港区
mca	202112	420203	西塞山区
mca	202112	420204	下陆区
mca	202112	420205	铁山区
mca	202112	420222	阳新县
mca	202112	420281	大冶市
mca	202112	420300	十堰市
mca	202112	420302	茅箭区
mca	202112	420303	张湾区
mca	202112	420304	郧阳区
mca	202112	420322	郧西县
mca	202112	420323	竹山县
mca	202112	420324	竹溪县
mca	202112	420325	房县
mca	202112	420381	丹江口市
mca	202112	420500	宜昌市
mca	202112	420502	西陵区
mca	202112	420503	伍家岗区
mca	202112	420504	点军区
mca	202112	420505	猇亭区
mca	202112	420506	夷陵区
mca	202112	420525	远安县
mca	202112	420526	兴山县
mca	202112	420527	秭归县
mca	202112	420528	长阳土家族自治县
mca	202112	420529	五峰土家族自治县
mca	202112	420581	宜都市
mca	202112	420582	当阳市
mca	202112	420583	枝江市
mca	202112	420600	襄阳市
mca	202112	420602	襄城区
mca	202112	420606	樊城区
mca	202112	420607	襄州区
mca	202112	420624	南漳县
mca	202112	420625	谷城县
mca	202112	420626	保康县
mca	202112	420682	老河口市
mca	202112	420683	枣阳市
mca	202112	420684	宜城市
mca	202112	420700	鄂州市
mca	202112	420702	梁子湖区
mca	202112	420703	华容区
mca	202112	420704	鄂城区
mca	202112	420800	荆门市
mca	202112	420802	东宝区
mca	202112	420804	掇刀区
mca	202112	420822	沙洋县
mca	202112	420881	钟祥市
mca	202112	420882	京山市
mca	202112	420900	孝感市
mca	202112	420902	孝南区
mca	202112	420921	孝昌县
mca	202112	420922	大悟县
mca	202112	420923	云梦县
mca	202112	420981	应城市
mca	202112	420982	安陆市
mca	202112	420984	汉川市
mca	202112	421000	荆州市
mca	202112	421002	沙市区
mca	202112	421003	荆州区
mca	202112	421022	公安县
mca	202112	421024	江陵县
mca	202112	421081	石首市
mca	202112	421083	洪湖市
mca	202112	421087	松滋市
mca	202112	421088	监利市
mca	202112	421100	黄冈市
mca	202112	421102	黄州区
mca	202112	421121	团风县
mca	202112	421122	红安县
mca	202112	421123	罗田县
mca	202112	421124	英山县
mca	202112	421125	浠水县
mca	202112	421126	蕲春县
mca	202112	421127	黄梅县
mca	202112	421181	麻城市
mca	202112	421182	武穴市
mca	202112	421200	咸宁市
mca	202112	421202	咸安区
mca	202112	421221	嘉鱼县
mca	202112	421222	通城县
mca	202112	421223	崇阳县
mca	202112	421224	通山县
mca	202112	421281	赤壁市
mca	202112	421300	随州市
mca	202112	421303	曾都区
mca	202112	421321	随县
mca	202112	421381	广水市
mca	202112	422800	恩施土家族苗族自治州
mca	202112	422801	恩施市
mca	202112	422802	利川市
mca	202112	422822	建始县
mca	202112	422823	巴东县
mca	202112	422825	宣恩县
mca	202112	422826	咸丰县
mca	202112	422827	来凤县
mca	202112	422828	鹤峰县
mca	202112	429004	仙桃市
mca	202112	429005	潜江市
mca	202112	429006	天门市
mca	202112	429021	神农架林区
mca	202112	430000	湖南省
mca	202112	430100	长沙市
mca	202112	430102	芙蓉区
mca	202112	430103	天心区
mca	202112	430104	岳麓区
mca	202112	430105	开福区
mca	202112	430111	雨花区
mca	202112	430112	望城区
mca	202112	430121	长沙县
mca	202112	430181	浏阳市
mca	202112	430182	宁乡市
mca	202112	430200	株洲市
mca	202112	430202	荷塘区
mca	202112	430203	芦淞区
mca	202112	430204	石峰区
mca	202112	430211	天元区
mca	202112	430212	渌口区
mca	202112	430223	攸县
mca	202112	430224	茶陵县
mca	202112	430225	炎陵县
mca	202112	430281	醴陵市
mca	202112	430300	湘潭市
mca	202112	430302	雨湖区
mca	202112	430304	岳塘区
mca	202112	430321	湘潭县
mca	202112	430381	湘乡市
mca	202112	430382	韶山市
mca	202112	430400	衡阳市
mca	202112	430405	珠晖区
mca	202112	430406	雁峰区
mca	202112	430407	石鼓区
mca	202112	430408	蒸湘区
mca	202112	430412	南岳区
mca	202112	430421	衡阳县
mca	202112	430422	衡南县
mca	202112	430423	衡山县
mca	202112	430424	衡东县
mca	202112	430426	祁东县
mca	202112	430481	耒阳市
mca	202112	430482	常宁市
mca	202112	430500	邵阳市
mca	202112	430502	双清区
mca	202112	430503	大祥区
mca	202112	430511	北塔区
mca	202112	430522	新邵县
mca	202112	430523	邵阳县
mca	202112	430524	隆回县
mca	202112	430525	洞口县
mca	202112	430527	绥宁县
mca	202112	430528	新宁县
mca	202112	430529	城步苗族自治县
mca	202112	430581	武冈市
mca	202112	430582	邵东市
mca	202112	430600	岳阳市
mca	202112	430602	岳阳楼区
mca	202112	430603	云溪区
mca	202112	430611	君山区
mca	202112	430621	岳阳县
mca	202112	430623	华容县
mca	202112	430624	湘阴县
mca	202112	430626	平江县
mca	202112	430681	汨罗市
mca	202112	430682	临湘市
mca	202112	430700	常德市
mca	202112	430702	武陵区
mca	202112	430703	鼎城区
mca	202112	430721	安乡县
mca	202112	430722	汉寿县
mca	202112	430723	澧县
mca	202112	430724	临澧县
mca	202112	430725	桃源县
mca	202112	430726	石门县
mca	202112	430781	津市市
mca	202112	430800	张家界市
mca	202112	430802	永定区
mca	202112	430811	武陵源区
mca	202112	430821	慈利县
mca	202112	430822	桑植县
mca	202112	430900	益阳市
mca	202112	430902	资阳区
mca	202112	430903	赫山区
mca	202112	430921	南县
mca	202112	430922	桃江县
mca	202112	430923	安化县
mca	202112	430981	沅江市
mca	202112	431000	郴州市
mca	202112	431002	北湖区
mca	202112	431003	苏仙区
mca	202112	431021	桂阳县
mca	202112	431022	宜章县
mca	202112	431023	永兴县
mca	202112	431024	嘉禾县
mca	202112	431025	临武县
mca	202112	431026	汝城县
mca	202112	431027	桂东县
mca	202112	431028	安仁县
mca	202112	431081	资兴市
mca	202112	431100	永州市
mca	202112	431102	零陵区
mca	202112	431103	冷水滩区
mca	202112	431122	东安县
mca	202112	431123	双牌县
mca	202112	431124	道县
mca	202112	431125	江永县
mca	202112	431126	宁远县
mca	202112	431127	蓝山县
mca	202112	431128	新田县
mca	202112	431129	江华瑶族自治县
mca	202112	431181	祁阳市
mca	202112	431200	怀化市
mca	202112	431202	鹤城区
mca	202112	431221	中方县
mca	202112	431222	沅陵县
mca	202112	431223	辰溪县
mca	202112	431224	溆浦县
mca	202112	431225	会同县
mca	202112	431226	麻阳苗族自治县
mca	202112	431227	新晃侗族自治县
mca	202112	431228	芷江侗族自治县
mca	202112	431229	靖州苗族侗族自治县
mca	202112	431230	通道侗族自治县
mca	202112	431281	洪江市
mca	202112	431300	娄底市
mca	202112	431302	娄星区
mca	202112	431321	双峰县
mca	202112	431322	新化县
mca	202112	431381	冷水江市
mca	202112	431382	涟源市
mca	202112	433100	湘西土家族苗族自治州
mca	202112	433101	吉首市
mca	202112	433122	泸溪县
mca	202112	433123	凤凰县
mca	202112	433124	花垣县
mca	202112	433125	保靖县
mca	202112	433126	古丈县
mca	202112	433127	永顺县
mca	202112	433130	龙山县
mca	202112	440000	广东省
mca	202112	440100	广州市
mca	202112	440103	荔湾区
mca	202112	440104	越秀区
mca	202112	440105	海珠区
mca	202112	440106	天河区
mca	202112	440111	白云区
mca	202112	440112	黄埔区
mca	202112	440113	番禺区
mca	202112	440114	花都区
mca	202112	440115	南沙区
mca	202112	440117	从化区
mca	202112	440118	增城区
mca	202112	440200	韶关市
mca	202112	440203	武江区
mca	202112	440204	浈江区
mca	202112	440205	曲江区
mca	202112	440222	始兴县
mca	202112	440224	仁化县
mca	202112	440229	翁源县
mca	202112	440232	乳源瑶族自治县
mca	202112	440233	新丰县
mca	202112	440281	乐昌市
mca	202112	440282	南雄市
mca	202112	440300	深圳市
mca	202112	440303	罗湖区
mca	202112	440304	福田区
mca	202112	440305	南山区
mca	202112	440306	宝安区
mca	202112	440307	龙岗区
mca	202112	440308	盐田区
mca	202112	440309	龙华区
mca	202112	440310	坪山区
mca	202112	440311	光明区
mca	202112	440400	珠海市
mca	202112	440402	香洲区
mca	202112	440403	斗门区
mca	202112	440404	金湾区
mca	202112	440500	汕头市
mca	202112	440507	龙湖区
mca	202112	440511	金平区
mca	202112	440512	濠江区
mca	202112	440513	潮阳区
mca	202112	440514	潮南区
mca	202112	440515	澄海区
mca	202112	440523	南澳县
mca	202112	440600	佛山市
mca	202112	440604	禅城区
mca	202112	440605	南海区
mca	202112	440606	顺德区
mca	202112	440607	三水区
mca	202112	440608	高明区
mca	202112	440700	江门市
mca	202112	440703	蓬江区
mca	202112	440704	江海区
mca	202112	440705	新会区
mca	202112	440781	台山市
mca	202112	440783	开平市
mca	202112	440784	鹤山市
mca	202112	440785	恩平市
mca	202112	440800	湛江市
mca	202112	440802	赤坎区
mca	202112	440803	霞山区
mca	202112	440804	坡头区
mca	202112	440811	麻章区
mca	202112	440823	遂溪县
mca	202112	440825	徐闻县
mca	202112	440881	廉江市
mca	202112	440882	雷州市
mca	202112	440883	吴川市
mca	202112	440900	茂名市
mca	202112	440902	茂南区
mca	202112	440904	电白区
mca	202112	440981	高州市
mca	202112	440982	化州市
mca	202112	440983	信宜市
mca	202112	441200	肇庆市
mca	202112	441202	端州区
mca	202112	441203	鼎湖区
mca	202112	441204	高要区
mca	202112	441223	广宁县
mca	202112	441224	怀集县
mca	202112	441225	封开县
mca	202112	441226	德庆县
mca	202112	441284	四会市
mca	202112	441300	惠州市
mca	202112	441302	惠城区
mca	202112	441303	惠阳区
mca	202112	441322	博罗县
mca	202112	441323	惠东县
mca	202112	441324	龙门县
mca	202112	441400	梅州市
mca	202112	441402	梅江区
mca	202112	441403	梅县区
mca	202112	441422	大埔县
mca	202112	441423	丰顺县
mca	202112	441424	五华县
mca	202112	441426	平远县
mca	202112	441427	蕉岭县
mca	202112	441481	兴宁市
mca	202112	441500	汕尾市
mca	202112	441502	城区
mca	202112	441521	海丰县
mca	202112	441523	陆河县
mca	202112	441581	陆丰市
mca	202112	441600	河源市
mca	202112	441602	源城区
mca	202112	441621	紫金县
mca	202112	441622	龙川县
mca	202112	441623	连平县
mca	202112	441624	和平县
mca	202112	441625	东源县
mca	202112	441700	阳江市
mca	202112	441702	江城区
mca	202112	441704	阳东区
mca	202112	441721	阳西县
mca	202112	441781	阳春市
mca	202112	441800	清远市
mca	202112	441802	清城区
mca	202112	441803	清新区
mca	202112	441821	佛冈县
mca	202112	441823	阳山县
mca	202112	441825	连山壮族瑶族自治县
mca	202112	441826	连南瑶族自治县
mca	202112	441881	英德市
mca	202112	441882	连州市
mca	202112	441900	东莞市
mca	202112	442000	中山市
mca	202112	445100	潮州市
mca	202112	445102	湘桥区
mca	202112	445103	潮安区
mca	202112	445122	饶平县
mca	202112	445200	揭阳市
mca	202112	445202	榕城区
mca	202112	445203	揭东区
mca	202112	445222	揭西县
mca	202112	445224	惠来县
mca	202112	445281	普宁市
mca	202112	445300	云浮市
mca	202112	445302	云城区
mca	202112	445303	云安区
mca	202112	445321	新兴县
mca	202112	445322	郁南县
mca	202112	445381	罗定市
mca	202112	450000	广西壮族自治区
mca	202112	450100	南宁市
mca	202112	450102	兴宁区
mca	202112	450103	青秀区
mca	202112	450105	江南区
mca	202112	450107	西乡塘区
mca	202112	450108	良庆区
mca	202112	450109	邕宁区
mca	202112	450110	武鸣区
mca	202112	450123	隆安县
mca	202112	450124	马山县
mca	202112	450125	上林县
mca	202112	450126	宾阳县
mca	202112	450181	横州市
mca	202112	450200	柳州市
mca	202112	450202	城中区
mca	202112	450203	鱼峰区
mca	202112	450204	柳南区
mca	202112	450205	柳北区
mca	202112	450206	柳江区
mca	202112	450222	柳城县
mca	202112	450223	鹿寨县
mca	202112	450224	融安县
mca	202112	450225	融水苗族自治县
mca	202112	450226	三江侗族自治县
mca	202112	450300	桂林市
mca	202112	450302	秀峰区
mca	202112	450303	叠彩区
mca	202112	450304	象山区
mca	202112	450305	七星区
mca	202112	450311	雁山区
mca	202112	450312	临桂区
mca	202112	450321	阳朔县
mca	202112	450323	灵川县
mca	202112	450324	全州县
mca	202112	450325	兴安县
mca	202112	450326	永福县
mca	202112	450327	灌阳县
mca	202112	450328	龙胜各族自治县
mca	202112	450329	资源县
mca	202112	450330	平乐县
mca	202112	450332	恭城瑶族自治县
mca	202112	450381	荔浦市
mca	202112	450400	梧州市
mca	202112	450403	万秀区
mca	202112	450405	长洲区
mca	202112	450406	龙圩区
mca	202112	450421	苍梧县
mca	202112	450422	藤县
mca	202112	450423	蒙山县
mca	202112	450481	岑溪市
mca	202112	450500	北海市
mca	202112	450502	海城区
mca	202112	450503	银海区
mca	202112	450512	铁山港区
mca	202112	450521	合浦县
mca	202112	450600	防城港市
mca	202112	450602	港口区
mca	202112	450603	防城区
mca	202112	450621	上思县
mca	202112	450681	东兴市
mca	202112	450700	钦州市
mca	202112	450702	钦南区
mca	202112	450703	钦北区
mca	202112	450721	灵山县
mca	202112	450722	浦北县
mca	202112	450800	贵港市
mca	202112	450802	港北区
mca	202112	450803	港南区
mca	202112	450804	覃塘区
mca	202112	450821	平南县
mca	202112	450881	桂平市
mca	202112	450900	玉林市
mca	202112	450902	玉州区
mca	202112	450903	福绵区
mca	202112	450921	容县
mca	202112	450922	陆川县
mca	202112	450923	博白县
mca	202112	450924	兴业县
mca	202112	450981	北流市
mca	202112	451000	百色市
mca	202112	451002	右江区
mca	202112	451003	田阳区
mca	202112	451022	田东县
mca	202112	451024	德保县
mca	202112	451026	那坡县
mca	202112	451027	凌云县
mca	202112	451028	乐业县
mca	202112	451029	田林县
mca	202112	451030	西林县
mca	202112	451031	隆林各族自治县
mca	202112	451081	靖西市
mca	202112	451082	平果市
mca	202112	451100	贺州市
mca	202112	451102	八步区
mca	202112	451103	平桂区
mca	202112	451121	昭平县
mca	202112	451122	钟山县
mca	202112	451123	富川瑶族自治县
mca	202112	451200	河池市
mca	202112	451202	金城江区
mca	202112	451203	宜州区
mca	202112	451221	南丹县
mca	202112	451222	天峨县
mca	202112	451223	凤山县
mca	202112	451224	东兰县
mca	202112	451225	罗城仫佬族自治县
mca	202112	451226	环江毛南族自治县
mca	202112	451227	巴马瑶族自治县
mca	202112	451228	都安瑶族自治县
mca	202112	451229	大化瑶族自治县
mca	202112	451300	来宾市
mca	202112	451302	兴宾区
mca	202112	451321	忻城县
mca	202112	451322	象州县
mca	202112	451323	武宣县
mca	202112	451324	金秀瑶族自治县
mca	202112	451381	合山市
mca	202112	451400	崇左市
mca	202112	451402	江州区
mca	202112	451421	扶绥县
mca	202112	451422	宁明县
mca	202112	451423	龙州县
mca	202112	451424	大新县
mca	202112	451425	天等县
mca	202112	451481	凭祥市
mca	202112	460000	海南省
mca	202112	460100	海口市
mca	202112	460105	秀英区
mca	202112	460106	龙华区
mca	202112	460107	琼山区
mca	202112	460108	美兰区
mca	202112	460200	三亚市
mca	202112	460202	海棠区
mca	202112	460203	吉阳区
mca	202112	460204	天涯区
mca	202112	460205	崖州区
mca	202112	460300	三沙市
mca	202112	460400	儋州市
mca	202112	469001	五指山市
mca	202112	469002	琼海市
mca	202112	469005	文昌市
mca	202112	469006	万宁市
mca	202112	469007	东方市
mca	202112	469021	定安县
mca	202112	469022	屯昌县
mca	202112	469023	澄迈县
mca	202112	469024	临高县
mca	202112	469025	白沙黎族自治县
mca	202112	469026	昌江黎族自治县
mca	202112	469027	乐东黎族自治县
mca	202112	469028	陵水黎族自治县
mca	202112	469029	保亭黎族苗族自治县
mca	202112	469030	琼中黎族苗族自治县
mca	202112	500000	重庆市
mca	202112	500101	万州区
mca	202112	500102	涪陵区
mca	202112	500103	渝中区
mca	202112	500104	大渡口区
mca	202112	500105	江北区
mca	202112	500106	沙坪坝区
mca	202112	500107	九龙坡区
mca	202112	500108	南岸区
mca	202112	500109	北碚区
mca	202112	500110	綦江区
mca	202112	500111	大足区
mca	202112	500112	渝北区
mca	202112	500113	巴南区
mca	202112	500114	黔江区
mca	202112	500115	长寿区
mca	202112	500116	江津区
mca	202112	500117	合川区
mca	202112	500118	永川区
mca	202112	500119	南川区
mca	202112	500120	璧山区
mca	202112	500151	铜梁区
mca	202112	500152	潼南区
mca	202112	500153	荣昌区
mca	202112	500154	开州区
mca	202112	500155	梁平区
mca	202112	500156	武隆区
mca	202112	500229	城口县
mca	202112	500230	丰都县
mca	202112	500231	垫江县
mca	202112	500233	忠县
mca	202112	500235	云阳县
mca	202112	500236	奉节县
mca	202112	500237	巫山县
mca	202112	500238	巫溪县
mca	202112	500240	石柱土家族自治县
mca	202112	500241	秀山土家族苗族自治县
mca	202112	500242	酉阳土家族苗族自治县
mca	202112	500243	彭水苗族土家族自治县
mca	202112	510000	四川省
mca	202112	510100	成都市
mca	202112	510104	锦江区
mca	202112	510105	青羊区
mca	202112	510106	金牛区
mca	202112	510107	武侯区
mca	202112	510108	成华区
mca	202112	510112	龙泉驿区
mca	202112	510113	青白江区
mca	202112	510114	新都区
mca	202112	510115	温江区
mca	202112	510116	双流区
mca	202112	510117	郫都区
mca	202112	510118	新津区
mca	202112	510121	金堂县
mca	202112	510129	大邑县
mca	202112	510131	蒲江县
mca	202112	510181	都江堰市
mca	202112	510182	彭州市
mca	202112	510183	邛崃市
mca	202112	510184	崇州市
mca	202112	510185	简阳市
mca	202112	510300	自贡市
mca	202112	510302	自流井区
mca	202112	510303	贡井区
mca	202112	510304	大安区
mca	202112	510311	沿滩区
mca	202112	510321	荣县
mca	202112	510322	富顺县
mca	202112	510400	攀枝花市
mca	202112	510402	东区
mca	202112	510403	西区
mca	202112	510411	仁和区
mca	202112	510421	米易县
mca	202112	510422	盐边县
mca	202112	510500	泸州市
mca	202112	510502	江阳区
mca	202112	510503	纳溪区
mca	202112	510504	龙马潭区
mca	202112	510521	泸县
mca	202112	510522	合江县
mca	202112	510524	叙永县
mca	202112	510525	古蔺县
mca	202112	510600	德阳市
mca	202112	510603	旌阳区
mca	202112	510604	罗江区
mca	202112	510623	中江县
mca	202112	510681	广汉市
mca	202112	510682	什邡市
mca	202112	510683	绵竹市
mca	202112	510700	绵阳市
mca	202112	510703	涪城区
mca	202112	510704	游仙区
mca	202112	510705	安州区
mca	202112	510722	三台县
mca	202112	510723	盐亭县
mca	202112	510725	梓潼县
mca	202112	510726	北川羌族自治县
mca	202112	510727	平武县
mca	202112	510781	江油市
mca	202112	510800	广元市
mca	202112	510802	利州区
mca	202112	510811	昭化区
mca	202112	510812	朝天区
mca	202112	510821	旺苍县
mca	202112	510822	青川县
mca	202112	510823	剑阁县
mca	202112	510824	苍溪县
mca	202112	510900	遂宁市
mca	202112	510903	船山区
mca	202112	510904	安居区
mca	202112	510921	蓬溪县
mca	202112	510923	大英县
mca	202112	510981	射洪市
mca	202112	511000	内江市
mca	202112	511002	市中区
mca	202112	511011	东兴区
mca	202112	511024	威远县
mca	202112	511025	资中县
mca	202112	511083	隆昌市
mca	202112	511100	乐山市
mca	202112	511102	市中区
mca	202112	511111	沙湾区
mca	202112	511112	五通桥区
mca	202112	511113	金口河区
mca	202112	511123	犍为县
mca	202112	511124	井研县
mca	202112	511126	夹江县
mca	202112	511129	沐川县
mca	202112	511132	峨边彝族自治县
mca	202112	511133	马边彝族自治县
mca	202112	511181	峨眉山市
mca	202112	511300	南充市
mca	202112	511302	顺庆区
mca	202112	511303	高坪区
mca	202112	511304	嘉陵区
mca	202112	511321	南部县
mca	202112	511322	营山县
mca	202112	511323	蓬安县
mca	202112	511324	仪陇县
mca	202112	511325	西充县
mca	202112	511381	阆中市
mca	202112	511400	眉山市
mca	202112	511402	东坡区
mca	202112	511403	彭山区
mca	202112	511421	仁寿县
mca	202112	511423	洪雅县
mca	202112	511424	丹棱县
mca	202112	511425	青神县
mca	202112	511500	宜宾市
mca	202112	511502	翠屏区
mca	202112	511503	南溪区
mca	202112	511504	叙州区
mca	202112	511523	江安县
mca	202112	511524	长宁县
mca	202112	511525	高县
mca	202112	511526	珙县
mca	202112	511527	筠连县
mca	202112	511528	兴文县
mca	202112	511529	屏山县
mca	202112	511600	广安市
mca	202112	511602	广安区
mca	202112	511603	前锋区
mca	202112	511621	岳池县
mca	202112	511622	武胜县
mca	202112	511623	邻水县
mca	202112	511681	华蓥市
mca	202112	511700	达州市
mca	202112	511702	通川区
mca	202112	511703	达川区
mca	202112	511722	宣汉县
mca	202112	511723	开江县
mca	202112	511724	大竹县
mca	202112	511725	渠县
mca	202112	511781	万源市
mca	202112	511800	雅安市
mca	202112	511802	雨城区
mca	202112	511803	名山区
mca	202112	511822	荥经县
mca	202112	511823	汉源县
mca	202112	511824	石棉县
mca	202112	511825	天全县
mca	202112	511826	芦山县
mca	202112	511827	宝兴县
mca	202112	511900	巴中市
mca	202112	511902	巴州区
mca	202112	511903	恩阳区
mca	202112	511921	通江县
mca	202112	511922	南江县
mca	202112	511923	平昌县
mca	202112	512000	资阳市
mca	202112	512002	雁江区
mca	202112	512021	安岳县
mca	202112	512022	乐至县
mca	202112	513200	阿坝藏族羌族自治州
mca	202112	513201	马尔康市
mca	202112	513221	汶川县
mca	202112	513222	理县
mca	202112	513223	茂县
mca	202112	513224	松潘县
mca	202112	513225	九寨沟县
mca	202112	513226	金川县
mca	202112	513227	小金县
mca	202112	513228	黑水县
mca	202112	513230	壤塘县
mca	202112	513231	阿坝县
mca	202112	513232	若尔盖县
mca	202112	513233	红原县
mca	202112	513300	甘孜藏族自治州
mca	202112	513301	康定市
mca	202112	513322	泸定县
mca	202112	513323	丹巴县
mca	202112	513324	九龙县
mca	202112	513325	雅江县
mca	202112	513326	道孚县
mca	202112	513327	炉霍县
mca	202112	513328	甘孜县
mca	202112	513329	新龙县
mca	202112	513330	德格县
mca	202112	513331	白玉县
mca	202112	513332	石渠县
mca	202112	513333	色达县
mca	202112	513334	理塘县
mca	202112	513335	巴塘县
mca	202112	513336	乡城县
mca	202112	513337	稻城县
mca	202112	513338	得荣县
mca	202112	513400	凉山彝族自治州
mca	202112	513401	西昌市
mca	202112	513402	会理市
mca	202112	513422	木里藏族自治县
mca	202112	513423	盐源县
mca	202112	513424	德昌县
mca	202112	513426	会东县
mca	202112	513427	宁南县
mca	202112	513428	普格县
mca	202112	513429	布拖县
mca	202112	513430	金阳县
mca	202112	513431	昭觉县
mca	202112	513432	喜德县
mca	202112	513433	冕宁县
mca	202112	513434	越西县
mca	202112	513435	甘洛县
mca	202112	513436	美姑县
mca	202112	513437	雷波县
mca	202112	520000	贵州省
mca	202112	520100	贵阳市
mca	202112	520102	南明区
mca	202112	520103	云岩区
mca	202112	520111	花溪区
mca	202112	520112	乌当区
mca	202112	520113	白云区
mca	202112	520115	观山湖区
mca	202112	520121	开阳县
mca	202112	520122	息烽县
mca	202112	520123	修文县
mca	202112	520181	清镇市
mca	202112	520200	六盘水市
mca	202112	520201	钟山区
mca	202112	520203	六枝特区
mca	202112	520204	水城区
mca	202112	520281	盘州市
mca	202112	520300	遵义市
mca	202112	520302	红花岗区
mca	202112	520303	汇川区
mca	202112	520304	播州区
mca	202112	520322	桐梓县
mca	202112	520323	绥阳县
mca	202112	520324	正安县
mca	202112	520325	道真仡佬族苗族自治县
mca	202112	520326	务川仡佬族苗族自治县
mca	202112	520327	凤冈县
mca	202112	520328	湄潭县
mca	202112	520329	余庆县
mca	202112	520330	习水县
mca	202112	520381	赤水市
mca	202112	520382	仁怀市
mca	202112	520400	安顺市
mca	202112	520402	西秀区
mca	202112	520403	平坝区
mca	202112	520422	普定县
mca	202112	520423	镇宁布依族苗族自治县
mca	202112	520424	关岭布依族苗族自治县
mca	202112	520425	紫云苗族布依族自治县
mca	202112	520500	毕节市
mca	202112	520502	七星关区
mca	202112	520521	大方县
mca	202112	520523	金沙县
mca	202112	520524	织金县
mca	202112	520525	纳雍县
mca	202112	520526	威宁彝族回族苗族自治县
mca	202112	520527	赫章县
mca	202112	520581	黔西市
mca	202112	520600	铜仁市
mca	202112	520602	碧江区
mca	202112	520603	万山区
mca	202112	520621	江口县
mca	202112	520622	玉屏侗族自治县
mca	202112	520623	石阡县
mca	202112	520624	思南县
mca	202112	520625	印江土家族苗族自治县
mca	202112	520626	德江县
mca	202112	520627	沿河土家族自治县
mca	202112	520628	松桃苗族自治县
mca	202112	522300	黔西南布依族苗族自治州
mca	202112	522301	兴义市
mca	202112	522302	兴仁市
mca	202112	522323	普安县
mca	202112	522324	晴隆县
mca	202112	522325	贞丰县
mca	202112	522326	望谟县
mca	202112	522327	册亨县
mca	202112	522328	安龙县
mca	202112	522600	黔东南苗族侗族自治州
mca	202112	522601	凯里市
mca	202112	522622	黄平县
mca	202112	522623	施秉县
mca	202112	522624	三穗县
mca	202112	522625	镇远县
mca	202112	522626	岑巩县
mca	202112	522627	天柱县
mca	202112	522628	锦屏县
mca	202112	522629	剑河县
mca	202112	522630	台江县
mca	202112	522631	黎平县
mca	202112	522632	榕江县
mca	202112	522633	从江县
mca	202112	522634	雷山县
mca	202112	522635	麻江县
mca	202112	522636	丹寨县
mca	202112	522700	黔南布依族苗族自治州
mca	202112	522701	都匀市
mca	202112	522702	福泉市
mca	202112	522722	荔波县
mca	202112	522723	贵定县
mca	202112	522725	瓮安县
mca	202112	522726	独山县
mca	202112	522727	平塘县
mca	202112	522728	罗甸县
mca	202112	522729	长顺县
mca	202112	522730	龙里县
mca	202112	522731	惠水县
mca	202112	522732	三都水族自治县
mca	202112	530000	云南省
mca	202112	530100	昆明市
mca	202112	530102	五华区
mca	202112	530103	盘龙区
mca	202112	530111	官渡区
mca	202112	530112	西山区
mca	202112	530113	东川区
mca	202112	530114	呈贡区
mca	202112	530115	晋宁区
mca	202112	530124	富民县
mca	202112	530125	宜良县
mca	202112	530126	石林彝族自治县
mca	202112	530127	嵩明县
mca	202112	530128	禄劝彝族苗族自治县
mca	202112	530129	寻甸回族彝族自治县
mca	202112	530181	安宁市
mca	202112	530300	曲靖市
mca	202112	530302	麒麟区
mca	202112	530303	沾益区
mca	202112	530304	马龙区
mca	202112	530322	陆良县
mca	202112	530323	师宗县
mca	202112	530324	罗平县
mca	202112	530325	富源县
mca	202112	530326	会泽县
mca	202112	530381	宣威市
mca	202112	530400	玉溪市
mca	202112	530402	红塔区
mca	202112	530403	江川区
mca	202112	530423	通海县
mca	202112	530424	华宁县
mca	202112	530425	易门县
mca	202112	530426	峨山彝族自治县
mca	202112	530427	新平彝族傣族自治县
mca	202112	530428	元江哈尼族彝族傣族自治县
mca	202112	530481	澄江市
mca	202112	530500	保山市
mca	202112	530502	隆阳区
mca	202112	530521	施甸县
mca	202112	530523	龙陵县
mca	202112	530524	昌宁县
mca	202112	530581	腾冲市
mca	202112	530600	昭通市
mca	202112	530602	昭阳区
mca	202112	530621	鲁甸县
mca	202112	530622	巧家县
mca	202112	530623	盐津县
mca	202112	530624	大关县
mca	202112	530625	永善县
mca	202112	530626	绥江县
mca	202112	530627	镇雄县
mca	202112	530628	彝良县
mca	202112	530629	威信县
mca	202112	530681	水富市
mca	202112	530700	丽江市
mca	202112	530702	古城区
mca	202112	530721	玉龙纳西族自治县
mca	202112	530722	永胜县
mca	202112	530723	华坪县
mca	202112	530724	宁蒗彝族自治县
mca	202112	530800	普洱市
mca	202112	530802	思茅区
mca	202112	530821	宁洱哈尼族彝族自治县
mca	202112	530822	墨江哈尼族自治县
mca	202112	530823	景东彝族自治县
mca	202112	530824	景谷傣族彝族自治县
mca	202112	530825	镇沅彝族哈尼族拉祜族自治县
mca	202112	530826	江城哈尼族彝族自治县
mca	202112	530827	孟连傣族拉祜族佤族自治县
mca	202112	530828	澜沧拉祜族自治县
mca	202112	530829	西盟佤族自治县
mca	202112	530900	临沧市
mca	202112	530902	临翔区
mca	202112	530921	凤庆县
mca	202112	530922	云县
mca	202112	530923	永德县
mca	202112	530924	镇康县
mca	202112	530925	双江拉祜族佤族布朗族傣族自治县
mca	202112	530926	耿马傣族佤族自治县
mca	202112	530927	沧源佤族自治县
mca	202112	532300	楚雄彝族自治州
mca	202112	532301	楚雄市
mca	202112	532302	禄丰市
mca	202112	532322	双柏县
mca	202112	532323	牟定县
mca	202112	532324	南华县
mca	202112	532325	姚安县
mca	202112	532326	大姚县
mca	202112	532327	永仁县
mca	202112	532328	元谋县
mca	202112	532329	武定县
mca	202112	532500	红河哈尼族彝族自治州
mca	202112	532501	个旧市
mca	202112	532502	开远市
mca	202112	532503	蒙自市
mca	202112	532504	弥勒市
mca	202112	532523	屏边苗族自治县
mca	202112	532524	建水县
mca	202112	532525	石屏县
mca	202112	532527	泸西县
mca	202112	532528	元阳县
mca	202112	532529	红河县
mca	202112	532530	金平苗族瑶族傣族自治县
mca	202112	532531	绿春县
mca	202112	532532	河口瑶族自治县
mca	202112	532600	文山壮族苗族自治州
mca	202112	532601	文山市
mca	202112	532622	砚山县
mca	202112	532623	西畴县
mca	202112	532624	麻栗坡县
mca	202112	532625	马关县
mca	202112	532626	丘北县
mca	202112	532627	广南县
mca	202112	532628	富宁县
mca	202112	532800	西双版纳傣族自治州
mca	202112	532801	景洪市
mca	202112	532822	勐海县
mca	202112	532823	勐腊县
mca	202112	532900	大理白族自治州
mca	202112	532901	大理市
mca	202112	532922	漾濞彝族自治县
mca	202112	532923	祥云县
mca	202112	532924	宾川县
mca	202112	532925	弥渡县
mca	202112	532926	南涧彝族自治县
mca	202112	532927	巍山彝族回族自治县
mca	202112	532928	永平县
mca	202112	532929	云龙县
mca	202112	532930	洱源县
mca	202112	532931	剑川县
mca	202112	532932	鹤庆县
mca	202112	533100	德宏傣族景颇族自治州
mca	202112	533102	瑞丽市
mca	202112	533103	芒市
mca	202112	533122	梁河县
mca	202112	533123	盈江县
mca	202112	533124	陇川县
mca	202112	533300	怒江傈僳族自治州
mca	202112	533301	泸水市
mca	202112	533323	福贡县
mca	202112	533324	贡山独龙族怒族自治县
mca	202112	533325	兰坪白族普米族自治县
mca	202112	533400	迪庆藏族自治州
mca	202112	533401	香格里拉市
mca	202112	533422	德钦县
mca	202112	533423	维西傈僳族自治县
mca	202112	540000	西藏自治区
mca	202112	540100	拉萨市
mca	202112	540102	城关区
mca	202112	540103	堆龙德庆区
mca	202112	540104	达孜区
mca	202112	540121	林周县
mca	202112	540122	当雄县
mca	202112	540123	尼木县
mca	202112	540124	曲水县
mca	202112	540127	墨竹工卡县
mca	202112	540200	日喀则市
mca	202112	540202	桑珠孜区
mca	202112	540221	南木林县
mca	202112	540222	江孜县
mca	202112	540223	定日县
mca	202112	540224	萨迦县
mca	202112	540225	拉孜县
mca	202112	540226	昂仁县
mca	202112	540227	谢通门县
mca	202112	540228	白朗县
mca	202112	540229	仁布县
mca	202112	540230	康马县
mca	202112	540231	定结县
mca	202112	540232	仲巴县
mca	202112	540233	亚东县
mca	202112	540234	吉隆县
mca	202112	540235	聂拉木县
mca	202112	540236	萨嘎县
mca	202112	540237	岗巴县
mca	202112	540300	昌都市
mca	202112	540302	卡若区
mca	202112	540321	江达县
mca	202112	540322	贡觉县
mca	202112	540323	类乌齐县
mca	202112	540324	丁青县
mca	202112	540325	察雅县
mca	202112	540326	八宿县
mca	202112	540327	左贡县
mca	202112	540328	芒康县
mca	202112	540329	洛隆县
mca	202112	540330	边坝县
mca	202112	540400	林芝市
mca	202112	540402	巴宜区
mca	202112	540421	工布江达县
mca	202112	540422	米林县
mca	202112	540423	墨脱县
mca	202112	540424	波密县
mca	202112	540425	察隅县
mca	202112	540426	朗县
mca	202112	540500	山南市
mca	202112	540502	乃东区
mca	202112	540521	扎囊县
mca	202112	540522	贡嘎县
mca	202112	540523	桑日县
mca	202112	540524	琼结县
mca	202112	540525	曲松县
mca	202112	540526	措美县
mca	202112	540527	洛扎县
mca	202112	540528	加查县
mca	202112	540529	隆子县
mca	202112	540530	错那县
mca	202112	540531	浪卡子县
mca	202112	540600	那曲市
mca	202112	540602	色尼区
mca	202112	540621	嘉黎县
mca	202112	540622	比如县
mca	202112	540623	聂荣县
mca	202112	540624	安多县
mca	202112	540625	申扎县
mca	202112	540626	索县
mca	202112	540627	班戈县
mca	202112	540628	巴青县
mca	202112	540629	尼玛县
mca	202112	540630	双湖县
mca	202112	542500	阿里地区
mca	202112	542521	普兰县
mca	202112	542522	札达县
mca	202112	542523	噶尔县
mca	202112	542524	日土县
mca	202112	542525	革吉县
mca	202112	542526	改则县
mca	202112	542527	措勤县
mca	202112	610000	陕西省
mca	202112	610100	西安市
mca	202112	610102	新城区
mca	202112	610103	碑林区
mca	202112	610104	莲湖区
mca	202112	610111	灞桥区
mca	202112	610112	未央区
mca	202112	610113	雁塔区
mca	202112	610114	阎良区
mca	202112	610115	临潼区
mca	202112	610116	长安区
mca	202112	610117	高陵区
mca	202112	610118	鄠邑区
mca	202112	610122	蓝田县
mca	202112	610124	周至县
mca	202112	610200	铜川市
mca	202112	610202	王益区
mca	202112	610203	印台区
mca	202112	610204	耀州区
mca	202112	610222	宜君县
mca	202112	610300	宝鸡市
mca	202112	610302	渭滨区
mca	202112	610303	金台区
mca	202112	610304	陈仓区
mca	202112	610305	凤翔区
mca	202112	610323	岐山县
mca	202112	610324	扶风县
mca	202112	610326	眉县
mca	202112	610327	陇县
mca	202112	610328	千阳县
mca	202112	610329	麟游县
mca	202112	610330	凤县
mca	202112	610331	太白县
mca	202112	610400	咸阳市
mca	202112	610402	秦都区
mca	202112	610403	杨陵区
mca	202112	610404	渭城区
mca	202112	610422	三原县
mca	202112	610423	泾阳县
mca	202112	610424	乾县
mca	202112	610425	礼泉县
mca	202112	610426	永寿县
mca	202112	610428	长武县
mca	202112	610429	旬邑县
mca	202112	610430	淳化县
mca	202112	610431	武功县
mca	202112	610481	兴平市
mca	202112	610482	彬州市
mca	202112	610500	渭南市
mca	202112	610502	临渭区
mca	202112	610503	华州区
mca	202112	610522	潼关县
mca	202112	610523	大荔县
mca	202112	610524	合阳县
mca	202112	610525	澄城县
mca	202112	610526	蒲城县
mca	202112	610527	白水县
mca	202112	610528	富平县
mca	202112	610581	韩城市
mca	202112	610582	华阴市
mca	202112	610600	延安市
mca	202112	610602	宝塔区
mca	202112	610603	安塞区
mca	202112	610621	延长县
mca	202112	610622	延川县
mca	202112	610625	志丹县
mca	202112	610626	吴起县
mca	202112	610627	甘泉县
mca	202112	610628	富县
mca	202112	610629	洛川县
mca	202112	610630	宜川县
mca	202112	610631	黄龙县
mca	202112	610632	黄陵县
mca	202112	610681	子长市
mca	202112	610700	汉中市
mca	202112	610702	汉台区
mca	202112	610703	南郑区
mca	202112	610722	城固县
mca	202112	610723	洋县
mca	202112	610724	西乡县
mca	202112	610725	勉县
mca	202112	610726	宁强县
mca	202112	610727	略阳县
mca	202112	610728	镇巴县
mca	202112	610729	留坝县
mca	202112	610730	佛坪县
mca	202112	610800	榆林市
mca	202112	610802	榆阳区
mca	202112	610803	横山区
mca	202112	610822	府谷县
mca	202112	610824	靖边县
mca	202112	610825	定边县
mca	202112	610826	绥德县
mca	202112	610827	米脂县
mca	202112	610828	佳县
mca	202112	610829	吴堡县
mca	202112	610830	清涧县
mca	202112	610831	子洲县
mca	202112	610881	神木市
mca	202112	610900	安康市
mca	202112	610902	汉滨区
mca	202112	610921	汉阴县
mca	202112	610922	石泉县
mca	202112	610923	宁陕县
mca	202112	610924	紫阳县
mca	202112	610925	岚皋县
mca	202112	610926	平利县
mca	202112	610927	镇坪县
mca	202112	610929	白河县
mca	202112	610981	旬阳市
mca	202112	611000	商洛市
mca	202112	611002	商州区
mca	202112	611021	洛南县
mca	202112	611022	丹凤县
mca	202112	611023	商南县
mca	202112	611024	山阳县
mca	202112	611025	镇安县
mca	202112	611026	柞水县
mca	202112	620000	甘肃省
mca	202112	620100	兰州市
mca	202112	620102	城关区
mca	202112	620103	七里河区
mca	202112	620104	西固区
mca	202112	620105	安宁区
mca	202112	620111	红古区
mca	202112	620121	永登县
mca	202112	620122	皋兰县
mca	202112	620123	榆中县
mca	202112	620200	嘉峪关市
mca	202112	620300	金昌市
mca	202112	620302	金川区
mca	202112	620321	永昌县
mca	202112	620400	白银市
mca	202112	620402	白银区
mca	202112	620403	平川区
mca	202112	620421	靖远县
mca	202112	620422	会宁县
mca	202112	620423	景泰县
mca	202112	620500	天水市
mca	202112	620502	秦州区
mca	202112	620503	麦积区
mca	202112	620521	清水县
mca	202112	620522	秦安县
mca	202112	620523	甘谷县
mca	202112	620524	武山县
mca	202112	620525	张家川回族自治县
mca	202112	620600	武威市
mca	202112	620602	凉州区
mca	202112	620621	民勤县
mca	202112	620622	古浪县
mca	202112	620623	天祝藏族自治县
mca	202112	620700	张掖市
mca	202112	620702	甘州区
mca	202112	620721	肃南裕固族自治县
mca	202112	620722	民乐县
mca	202112	620723	临泽县
mca	202112	620724	高台县
mca	202112	620725	山丹县
mca	202112	620800	平凉市
mca	202112	620802	崆峒区
mca	202112	620821	泾川县
mca	202112	620822	灵台县
mca	202112	620823	崇信县
mca	202112	620825	庄浪县
mca	202112	620826	静宁县
mca	202112	620881	华亭市
mca	202112	620900	酒泉市
mca	202112	620902	肃州区
mca	202112	620921	金塔县
mca	202112	620922	瓜州县
mca	202112	620923	肃北蒙古族自治县
mca	202112	620924	阿克塞哈萨克族自治县
mca	202112	620981	玉门市
mca	202112	620982	敦煌市
mca	202112	621000	庆阳市
mca	202112	621002	西峰区
mca	202112	621021	庆城县
mca	202112	621022	环县
mca	202112	621023	华池县
mca	202112	621024	合水县
mca	202112	621025	正宁县
mca	202112	621026	宁县
mca	202112	621027	镇原县
mca	202112	621100	定西市
mca	202112	621102	安定区
mca	202112	621121	通渭县
mca	202112	621122	陇西县
mca	202112	621123	渭源县
mca	202112	621124	临洮县
mca	202112	621125	漳县
mca	202112	621126	岷县
mca	202112	621200	陇南市
mca	202112	621202	武都区
mca	202112	621221	成县
mca	202112	621222	文县
mca	202112	621223	宕昌县
mca	202112	621224	康县
mca	202112	621225	西和县
mca	202112	621226	礼县
mca	202112	621227	徽县
mca	202112	621228	两当县
mca	202112	622900	临夏回族自治州
mca	202112	622901	临夏市
mca	202112	622921	临夏县
mca	202112	622922	康乐县
mca	202112	622923	永靖县
mca	202112	622924	广河县
mca	202112	622925	和政县
mca	202112	622926	东乡族自治县
mca	202112	622927	积石山保安族东乡族撒拉族自治县
mca	202112	623000	甘南藏族自治州
mca	202112	623001	合作市
mca	202112	623021	临潭县
mca	202112	623022	卓尼县
mca	202112	623023	舟曲县
mca	202112	623024	迭部县
mca	202112	623025	玛曲县
mca	202112	623026	碌曲县
mca	202112	623027	夏河县
mca	202112	630000	青海省
mca	202112	630100	西宁市
mca	202112	630102	城东区
mca	202112	630103	城中区
mca	202112	630104	城西区
mca	202112	630105	城北区
mca	202112	630106	湟中区
mca	202112	630121	大通回族土族自治县
mca	202112	630123	湟源县
mca	202112	630200	海东市
mca	202112	630202	乐都区
mca	202112	630203	平安区
mca	202112	630222	民和回族土族自治县
mca	202112	630223	互助土族自治县
mca	202112	630224	化隆回族自治县
mca	202112	630225	循化撒拉族自治县
mca	202112	632200	海北藏族自治州
mca	202112	632221	门源回族自治县
mca	202112	632222	祁连县
mca	202112	632223	海晏县
mca	202112	632224	刚察县
mca	202112	632300	黄南藏族自治州
mca	202112	632301	同仁市
mca	202112	632322	尖扎县
mca	202112	632323	泽库县
mca	202112	632324	河南蒙古族自治县
mca	202112	632500	海南藏族自治州
mca	202112	632521	共和县
mca	202112	632522	同德县
mca	202112	632523	贵德县
mca	202112	632524	兴海县
mca	202112	632525	贵南县
mca	202112	632600	果洛藏族自治州
mca	202112	632621	玛沁县
mca	202112	632622	班玛县
mca	202112	632623	甘德县
mca	202112	632624	达日县
mca	202112	632625	久治县
mca	202112	632626	玛多县
mca	202112	632700	玉树藏族自治州
mca	202112	632701	玉树市
mca	202112	632722	杂多县
mca	202112	632723	称多县
mca	202112	632724	治多县
mca	202112	632725	囊谦县
mca	202112	632726	曲麻莱县
mca	202112	632800	海西蒙古族藏族自治州
mca	202112	632801	格尔木市
mca	202112	632802	德令哈市
mca	202112	632803	茫崖市
mca	202112	632821	乌兰县
mca	202112	632822	都兰县
mca	202112	632823	天峻县
mca	202112	640000	宁夏回族自治区
mca	202112	640100	银川市
mca	202112	640104	兴庆区
mca	202112	640105	西夏区
mca	202112	640106	金凤区
mca	202112	640121	永宁县
mca	202112	640122	贺兰县
mca	202112	640181	灵武市
mca	202112	640200	石嘴山市
mca	202112	640202	大武口区
mca	202112	640205	惠农区
mca	202112	640221	平罗县
mca	202112	640300	吴忠市
mca	202112	640302	利通区
mca	202112	640303	红寺堡区
mca	202112	640323	盐池县
mca	202112	640324	同心县
mca	202112	640381	青铜峡市
mca	202112	640400	固原市
mca	202112	640402	原州区
mca	202112	640422	西吉县
mca	202112	640423	隆德县
mca	202112	640424	泾源县
mca	202112	640425	彭阳县
mca	202112	640500	中卫市
mca	202112	640502	沙坡头区
mca	202112	640521	中宁县
mca	202112	640522	海原县
mca	202112	650000	新疆维吾尔自治区
mca	202112	650100	乌鲁木齐市
mca	202112	650102	天山区
mca	202112	650103	沙依巴克区
mca	202112	650104	新市区
mca	202112	650105	水磨沟区
mca	202112	650106	头屯河区
mca	202112	650107	达坂城区
mca	202112	650109	米东区
mca	202112	650121	乌鲁木齐县
mca	202112	650200	克拉玛依市
mca	202112	650202	独山子区
mca	202112	650203	克拉玛依区
mca	202112	650204	白碱滩区
mca	202112	650205	乌尔禾区
mca	202112	650400	吐鲁番市
mca	202112	650402	高昌区
mca	202112	650421	鄯善县
mca	202112	650422	托克逊县
mca	202112	650500	哈密市
mca	202112	650502	伊州区
mca	202112	650521	巴里坤哈萨克自治县
mca	202112	650522	伊吾县
mca	202112	652300	昌吉回族自治州
mca	202112	652301	昌吉市
mca	202112	652302	阜康市
mca	202112	652323	呼图壁县
mca	202112	652324	玛纳斯县
mca	202112	652325	奇台县
mca	202112	652327	吉木萨尔县
mca	202112	652328	木垒哈萨克自治县
mca	202112	652700	博尔塔拉蒙古自治州
mca	202112	652701	博乐市
mca	202112	652702	阿拉山口市
mca	202112	652722	精河县
mca	202112	652723	温泉县
mca	202112	652800	巴音郭楞蒙古自治州
mca	202112	652801	库尔勒市
mca	202112	652822	轮台县
mca	202112	652823	尉犁县
mca	202112	652824	若羌县
mca	202112	652825	且末县
mca	202112	652826	焉耆回族自治县
mca	202112	652827	和静县
mca	202112	652828	和硕县
mca	202112	652829	博湖县
mca	202112	652900	阿克苏地区
mca	202112	652901	阿克苏市
mca	202112	652902	库车市
mca	202112	652922	温宿县
mca	202112	652924	沙雅县
mca	202112	652925	新和县
mca	202112	652926	拜城县
mca	202112	652927	乌什县
mca	202112	652928	阿瓦提县
mca	202112	652929	柯坪县
mca	202112	653000	克孜勒苏柯尔克孜自治州
mca	202112	653001	阿图什市
mca	202112	653022	阿克陶县
mca	202112	653023	阿合奇县
mca	202112	653024	乌恰县
mca	202112	653100	喀什地区
mca	202112	653101	喀什市
mca	202112	653121	疏附县
mca	202112	653122	疏勒县
mca	202112	653123	英吉沙县
mca	202112	653124	泽普县
mca	202112	653125	莎车县
mca	202112	653126	叶城县
mca	202112	653127	麦盖提县
mca	202112	653128	岳普湖县
mca	202112	653129	伽师县
mca	202112	653130	巴楚县
mca	202112	653131	塔什库尔干塔吉克自治县
mca	202112	653200	和田地区
mca	202112	653201	和田市
mca	202112	653221	和田县
mca	202112	653222	墨玉县
mca	202112	653223	皮山县
mca	202112	653224	洛浦县
mca	202112	653225	策勒县
mca	202112	653226	于田县
mca	202112	653227	民丰县
mca	202112	654000	伊犁哈萨克自治州
mca	202112	654002	伊宁市
mca	202112	654003	奎屯市
mca	202112	654004	霍尔果斯市
mca	202112	654021	伊宁县
mca	202112	654022	察布查尔锡伯自治县
mca	202112	654023	霍城县
mca	202112	654024	巩留县
mca	202112	654025	新源县
mca	202112	654026	昭苏县
mca	202112	654027	特克斯县
mca	202112	654028	尼勒克县
mca	202112	654200	塔城地区
mca	202112	654201	塔城市
mca	202112	654202	乌苏市
mca	202112	654203	沙湾市
mca	202112	654221	额敏县
mca	202112	654224	托里县
mca	202112	654225	裕民县
mca	202112	654226	和布克赛尔蒙古自治县
mca	202112	654300	阿勒泰地区
mca	202112	654301	阿勒泰市
mca	202112	654321	布尔津县
mca	202112	654322	富蕴县
mca	202112	654323	福海县
mca	202112	654324	哈巴河县
mca	202112	654325	青河县
mca	202112	654326	吉木乃县
mca	202112	659001	石河子市
mca	202112	659002	阿拉尔市
mca	202112	659003	图木舒克市
mca	202112	659004	五家渠市
mca	202112	659005	北屯市
mca	202112	659006	铁门关市
mca	202112	659007	双河市
mca	202112	659008	可克达拉市
mca	202112	659009	昆玉市
mca	202112	659010	胡杨河市
mca	202112	659011	新星市
mca	202112	710000	台湾省
mca	202112	810000	香港特别行政区
mca	202112	820000	澳门特别行政区
